"filename", "language", "ui", "C++", "Markdown", "PowerShell", "TypeScript", "Properties", "Python", "HTML", "QRC", "CSS", "JavaScript", "Makefile", "XML", "comment", "blank", "total"
"d:\Qt5Project\CodeEditorLite\doc\PROJECT_STRUCTURE.md", "Markdown", 0, 0, 187, 0, 0, 0, 0, 0, 0, 0, 0, 0, 0, 0, 56, 243
"d:\Qt5Project\CodeEditorLite\doc\PROPERTIES_WINDOW_DESIGN.md", "Markdown", 0, 0, 118, 0, 0, 0, 0, 0, 0, 0, 0, 0, 0, 0, 41, 159
"d:\Qt5Project\CodeEditorLite\inc\ipc\ipc_server.h", "C++", 0, 35, 0, 0, 0, 0, 0, 0, 0, 0, 0, 0, 0, 0, 9, 44
"d:\Qt5Project\CodeEditorLite\inc\main.h", "C++", 0, 30, 0, 0, 0, 0, 0, 0, 0, 0, 0, 0, 0, 2, 4, 36
"d:\Qt5Project\CodeEditorLite\inc\project\project_manager.h", "C++", 0, 42, 0, 0, 0, 0, 0, 0, 0, 0, 0, 0, 0, 0, 11, 53
"d:\Qt5Project\CodeEditorLite\inc\util\recent_files_manager.h", "C++", 0, 30, 0, 0, 0, 0, 0, 0, 0, 0, 0, 0, 0, 0, 9, 39
"d:\Qt5Project\CodeEditorLite\inc\widget\editor\code_editor.h", "C++", 0, 54, 0, 0, 0, 0, 0, 0, 0, 0, 0, 0, 0, 0, 17, 71
"d:\Qt5Project\CodeEditorLite\inc\widget\errors_and_warnings\errors_and_warnings.h", "C++", 0, 16, 0, 0, 0, 0, 0, 0, 0, 0, 0, 0, 0, 0, 6, 22
"d:\Qt5Project\CodeEditorLite\inc\widget\ipc_message\ipc_message.h", "C++", 0, 17, 0, 0, 0, 0, 0, 0, 0, 0, 0, 0, 0, 0, 7, 24
"d:\Qt5Project\CodeEditorLite\inc\widget\main_window\main_window.h", "C++", 0, 104, 0, 0, 0, 0, 0, 0, 0, 0, 0, 0, 0, 11, 24, 139
"d:\Qt5Project\CodeEditorLite\inc\widget\navigator\navigator.h", "C++", 0, 16, 0, 0, 0, 0, 0, 0, 0, 0, 0, 0, 0, 0, 6, 22
"d:\Qt5Project\CodeEditorLite\inc\widget\print\print_wizard.h", "C++", 0, 52, 0, 0, 0, 0, 0, 0, 0, 0, 0, 0, 0, 4, 15, 71
"d:\Qt5Project\CodeEditorLite\inc\widget\print\print_wizard_page_layout.h", "C++", 0, 49, 0, 0, 0, 0, 0, 0, 0, 0, 0, 0, 0, 2, 11, 62
"d:\Qt5Project\CodeEditorLite\inc\widget\print\print_wizard_page_output.h", "C++", 0, 38, 0, 0, 0, 0, 0, 0, 0, 0, 0, 0, 0, 2, 11, 51
"d:\Qt5Project\CodeEditorLite\inc\widget\print\print_wizard_page_page_setup.h", "C++", 0, 45, 0, 0, 0, 0, 0, 0, 0, 0, 0, 0, 0, 3, 12, 60
"d:\Qt5Project\CodeEditorLite\inc\widget\print\print_wizard_page_preview.h", "C++", 0, 44, 0, 0, 0, 0, 0, 0, 0, 0, 0, 0, 0, 1, 12, 57
"d:\Qt5Project\CodeEditorLite\inc\widget\print\print_wizard_page_printer.h", "C++", 0, 33, 0, 0, 0, 0, 0, 0, 0, 0, 0, 0, 0, 2, 11, 46
"d:\Qt5Project\CodeEditorLite\inc\widget\properties\properties.h", "C++", 0, 37, 0, 0, 0, 0, 0, 0, 0, 0, 0, 0, 0, 0, 10, 47
"d:\Qt5Project\CodeEditorLite\inc\widget\segment\segment.h", "C++", 0, 16, 0, 0, 0, 0, 0, 0, 0, 0, 0, 0, 0, 0, 6, 22
"d:\Qt5Project\CodeEditorLite\lib\QScintilla\Python\config-tests\cfgtest_Qsci.cpp", "C++", 0, 15, 0, 0, 0, 0, 0, 0, 0, 0, 0, 0, 0, 0, 8, 23
"d:\Qt5Project\CodeEditorLite\lib\QScintilla\Python\project.py", "Python", 0, 0, 0, 0, 0, 0, 121, 0, 0, 0, 0, 0, 0, 34, 58, 213
"d:\Qt5Project\CodeEditorLite\lib\QScintilla\README.md", "Markdown", 0, 0, 113, 0, 0, 0, 0, 0, 0, 0, 0, 0, 0, 0, 69, 182
"d:\Qt5Project\CodeEditorLite\lib\QScintilla\designer\Makefile", "Makefile", 0, 0, 0, 0, 0, 0, 0, 0, 0, 0, 0, 513, 0, 0, 14, 527
"d:\Qt5Project\CodeEditorLite\lib\QScintilla\designer\qscintillaplugin.cpp", "C++", 0, 132, 0, 0, 0, 0, 0, 0, 0, 0, 0, 0, 0, 1, 35, 168
"d:\Qt5Project\CodeEditorLite\lib\QScintilla\designer\qscintillaplugin.h", "C++", 0, 28, 0, 0, 0, 0, 0, 0, 0, 0, 0, 0, 0, 1, 10, 39
"d:\Qt5Project\CodeEditorLite\lib\QScintilla\doc\Scintilla\Design.html", "HTML", 0, 0, 0, 0, 0, 0, 0, 245, 0, 0, 0, 0, 0, 0, 2, 247
"d:\Qt5Project\CodeEditorLite\lib\QScintilla\doc\Scintilla\Icons.html", "HTML", 0, 0, 0, 0, 0, 0, 0, 57, 0, 0, 0, 0, 0, 0, 1, 58
"d:\Qt5Project\CodeEditorLite\lib\QScintilla\doc\Scintilla\LPegLexer.html", "HTML", 0, 0, 0, 0, 0, 0, 0, 1826, 0, 0, 0, 0, 0, 88, 695, 2609
"d:\Qt5Project\CodeEditorLite\lib\QScintilla\doc\Scintilla\Privacy.html", "HTML", 0, 0, 0, 0, 0, 0, 0, 70, 0, 0, 0, 0, 0, 0, 1, 71
"d:\Qt5Project\CodeEditorLite\lib\QScintilla\doc\Scintilla\SciCoding.html", "HTML", 0, 0, 0, 0, 0, 0, 0, 293, 0, 0, 0, 0, 0, 0, 2, 295
"d:\Qt5Project\CodeEditorLite\lib\QScintilla\doc\Scintilla\ScintillaDoc.html", "HTML", 0, 0, 0, 0, 0, 0, 0, 6773, 0, 0, 0, 0, 0, 88, 1623, 8484
"d:\Qt5Project\CodeEditorLite\lib\QScintilla\doc\Scintilla\ScintillaDownload.html", "HTML", 0, 0, 0, 0, 0, 0, 0, 71, 0, 0, 0, 0, 0, 0, 1, 72
"d:\Qt5Project\CodeEditorLite\lib\QScintilla\doc\Scintilla\ScintillaHistory.html", "HTML", 0, 0, 0, 0, 0, 0, 0, 12062, 0, 0, 0, 0, 0, 3, 1, 12066
"d:\Qt5Project\CodeEditorLite\lib\QScintilla\doc\Scintilla\ScintillaRelated.html", "HTML", 0, 0, 0, 0, 0, 0, 0, 525, 0, 0, 0, 0, 0, 7, 2, 534
"d:\Qt5Project\CodeEditorLite\lib\QScintilla\doc\Scintilla\ScintillaToDo.html", "HTML", 0, 0, 0, 0, 0, 0, 0, 128, 0, 0, 0, 0, 0, 0, 1, 129
"d:\Qt5Project\CodeEditorLite\lib\QScintilla\doc\Scintilla\ScintillaUsage.html", "HTML", 0, 0, 0, 0, 0, 0, 0, 368, 0, 0, 0, 0, 0, 0, 9, 377
"d:\Qt5Project\CodeEditorLite\lib\QScintilla\doc\Scintilla\Steps.html", "HTML", 0, 0, 0, 0, 0, 0, 0, 129, 0, 0, 0, 0, 0, 0, 14, 143
"d:\Qt5Project\CodeEditorLite\lib\QScintilla\doc\Scintilla\StyleMetadata.html", "HTML", 0, 0, 0, 0, 0, 0, 0, 199, 0, 0, 0, 0, 0, 5, 1, 205
"d:\Qt5Project\CodeEditorLite\lib\QScintilla\doc\Scintilla\index.html", "HTML", 0, 0, 0, 0, 0, 0, 0, 177, 0, 0, 0, 0, 0, 14, 2, 193
"d:\Qt5Project\CodeEditorLite\lib\QScintilla\doc\html\annotated.html", "HTML", 0, 0, 0, 0, 0, 0, 0, 112, 0, 0, 0, 0, 0, 3, 1, 116
"d:\Qt5Project\CodeEditorLite\lib\QScintilla\doc\html\classQsciAPIs-members.html", "HTML", 0, 0, 0, 0, 0, 0, 0, 74, 0, 0, 0, 0, 0, 3, 2, 79
"d:\Qt5Project\CodeEditorLite\lib\QScintilla\doc\html\classQsciAPIs.html", "HTML", 0, 0, 0, 0, 0, 0, 0, 405, 0, 0, 0, 0, 0, 3, 33, 441
"d:\Qt5Project\CodeEditorLite\lib\QScintilla\doc\html\classQsciAbstractAPIs-members.html", "HTML", 0, 0, 0, 0, 0, 0, 0, 57, 0, 0, 0, 0, 0, 3, 2, 62
"d:\Qt5Project\CodeEditorLite\lib\QScintilla\doc\html\classQsciAbstractAPIs.html", "HTML", 0, 0, 0, 0, 0, 0, 0, 1558, 0, 0, 0, 0, 0, 3, 15, 1576
"d:\Qt5Project\CodeEditorLite\lib\QScintilla\doc\html\classQsciCommand-members.html", "HTML", 0, 0, 0, 0, 0, 0, 0, 159, 0, 0, 0, 0, 0, 3, 2, 164
"d:\Qt5Project\CodeEditorLite\lib\QScintilla\doc\html\classQsciCommand.html", "HTML", 0, 0, 0, 0, 0, 0, 0, 524, 0, 0, 0, 0, 0, 3, 13, 540
"d:\Qt5Project\CodeEditorLite\lib\QScintilla\doc\html\classQsciCommandSet-members.html", "HTML", 0, 0, 0, 0, 0, 0, 0, 58, 0, 0, 0, 0, 0, 3, 2, 63
"d:\Qt5Project\CodeEditorLite\lib\QScintilla\doc\html\classQsciCommandSet.html", "HTML", 0, 0, 0, 0, 0, 0, 0, 136, 0, 0, 0, 0, 0, 3, 6, 145
"d:\Qt5Project\CodeEditorLite\lib\QScintilla\doc\html\classQsciDocument-members.html", "HTML", 0, 0, 0, 0, 0, 0, 0, 55, 0, 0, 0, 0, 0, 3, 2, 60
"d:\Qt5Project\CodeEditorLite\lib\QScintilla\doc\html\classQsciDocument.html", "HTML", 0, 0, 0, 0, 0, 0, 0, 69, 0, 0, 0, 0, 0, 3, 2, 74
"d:\Qt5Project\CodeEditorLite\lib\QScintilla\doc\html\classQsciLexer-members.html", "HTML", 0, 0, 0, 0, 0, 0, 0, 106, 0, 0, 0, 0, 0, 3, 2, 111
"d:\Qt5Project\CodeEditorLite\lib\QScintilla\doc\html\classQsciLexer.html", "HTML", 0, 0, 0, 0, 0, 0, 0, 1352, 0, 0, 0, 0, 0, 3, 107, 1462
"d:\Qt5Project\CodeEditorLite\lib\QScintilla\doc\html\classQsciLexerAVS-members.html", "HTML", 0, 0, 0, 0, 0, 0, 0, 127, 0, 0, 0, 0, 0, 3, 2, 132
"d:\Qt5Project\CodeEditorLite\lib\QScintilla\doc\html\classQsciLexerAVS.html", "HTML", 0, 0, 0, 0, 0, 0, 0, 589, 0, 0, 0, 0, 0, 3, 36, 628
"d:\Qt5Project\CodeEditorLite\lib\QScintilla\doc\html\classQsciLexerAsm-members.html", "HTML", 0, 0, 0, 0, 0, 0, 0, 132, 0, 0, 0, 0, 0, 3, 2, 137
"d:\Qt5Project\CodeEditorLite\lib\QScintilla\doc\html\classQsciLexerAsm.html", "HTML", 0, 0, 0, 0, 0, 0, 0, 662, 0, 0, 0, 0, 0, 3, 42, 707
"d:\Qt5Project\CodeEditorLite\lib\QScintilla\doc\html\classQsciLexerBash-members.html", "HTML", 0, 0, 0, 0, 0, 0, 0, 126, 0, 0, 0, 0, 0, 3, 2, 131
"d:\Qt5Project\CodeEditorLite\lib\QScintilla\doc\html\classQsciLexerBash.html", "HTML", 0, 0, 0, 0, 0, 0, 0, 613, 0, 0, 0, 0, 0, 3, 39, 655
"d:\Qt5Project\CodeEditorLite\lib\QScintilla\doc\html\classQsciLexerBatch-members.html", "HTML", 0, 0, 0, 0, 0, 0, 0, 116, 0, 0, 0, 0, 0, 3, 2, 121
"d:\Qt5Project\CodeEditorLite\lib\QScintilla\doc\html\classQsciLexerBatch.html", "HTML", 0, 0, 0, 0, 0, 0, 0, 394, 0, 0, 0, 0, 0, 3, 22, 419
"d:\Qt5Project\CodeEditorLite\lib\QScintilla\doc\html\classQsciLexerCMake-members.html", "HTML", 0, 0, 0, 0, 0, 0, 0, 125, 0, 0, 0, 0, 0, 3, 2, 130
"d:\Qt5Project\CodeEditorLite\lib\QScintilla\doc\html\classQsciLexerCMake.html", "HTML", 0, 0, 0, 0, 0, 0, 0, 567, 0, 0, 0, 0, 0, 3, 35, 605
"d:\Qt5Project\CodeEditorLite\lib\QScintilla\doc\html\classQsciLexerCPP-members.html", "HTML", 0, 0, 0, 0, 0, 0, 0, 186, 0, 0, 0, 0, 0, 3, 2, 191
"d:\Qt5Project\CodeEditorLite\lib\QScintilla\doc\html\classQsciLexerCPP.html", "HTML", 0, 0, 0, 0, 0, 0, 0, 1280, 0, 0, 0, 0, 0, 3, 92, 1375
"d:\Qt5Project\CodeEditorLite\lib\QScintilla\doc\html\classQsciLexerCSS-members.html", "HTML", 0, 0, 0, 0, 0, 0, 0, 142, 0, 0, 0, 0, 0, 3, 2, 147
"d:\Qt5Project\CodeEditorLite\lib\QScintilla\doc\html\classQsciLexerCSS.html", "HTML", 0, 0, 0, 0, 0, 0, 0, 786, 0, 0, 0, 0, 0, 3, 51, 840
"d:\Qt5Project\CodeEditorLite\lib\QScintilla\doc\html\classQsciLexerCSharp-members.html", "HTML", 0, 0, 0, 0, 0, 0, 0, 188, 0, 0, 0, 0, 0, 3, 2, 193
"d:\Qt5Project\CodeEditorLite\lib\QScintilla\doc\html\classQsciLexerCSharp.html", "HTML", 0, 0, 0, 0, 0, 0, 0, 450, 0, 0, 0, 0, 0, 3, 17, 470
"d:\Qt5Project\CodeEditorLite\lib\QScintilla\doc\html\classQsciLexerCoffeeScript-members.html", "HTML", 0, 0, 0, 0, 0, 0, 0, 140, 0, 0, 0, 0, 0, 3, 2, 145
"d:\Qt5Project\CodeEditorLite\lib\QScintilla\doc\html\classQsciLexerCoffeeScript.html", "HTML", 0, 0, 0, 0, 0, 0, 0, 841, 0, 0, 0, 0, 0, 3, 59, 903
"d:\Qt5Project\CodeEditorLite\lib\QScintilla\doc\html\classQsciLexerCustom-members.html", "HTML", 0, 0, 0, 0, 0, 0, 0, 112, 0, 0, 0, 0, 0, 3, 2, 117
"d:\Qt5Project\CodeEditorLite\lib\QScintilla\doc\html\classQsciLexerCustom.html", "HTML", 0, 0, 0, 0, 0, 0, 0, 367, 0, 0, 0, 0, 0, 3, 16, 386
"d:\Qt5Project\CodeEditorLite\lib\QScintilla\doc\html\classQsciLexerD-members.html", "HTML", 0, 0, 0, 0, 0, 0, 0, 137, 0, 0, 0, 0, 0, 3, 2, 142
"d:\Qt5Project\CodeEditorLite\lib\QScintilla\doc\html\classQsciLexerD.html", "HTML", 0, 0, 0, 0, 0, 0, 0, 795, 0, 0, 0, 0, 0, 3, 55, 853
"d:\Qt5Project\CodeEditorLite\lib\QScintilla\doc\html\classQsciLexerDiff-members.html", "HTML", 0, 0, 0, 0, 0, 0, 0, 120, 0, 0, 0, 0, 0, 3, 2, 125
"d:\Qt5Project\CodeEditorLite\lib\QScintilla\doc\html\classQsciLexerDiff.html", "HTML", 0, 0, 0, 0, 0, 0, 0, 328, 0, 0, 0, 0, 0, 3, 13, 344
"d:\Qt5Project\CodeEditorLite\lib\QScintilla\doc\html\classQsciLexerEDIFACT-members.html", "HTML", 0, 0, 0, 0, 0, 0, 0, 117, 0, 0, 0, 0, 0, 3, 2, 122
"d:\Qt5Project\CodeEditorLite\lib\QScintilla\doc\html\classQsciLexerEDIFACT.html", "HTML", 0, 0, 0, 0, 0, 0, 0, 343, 0, 0, 0, 0, 0, 3, 16, 362
"d:\Qt5Project\CodeEditorLite\lib\QScintilla\doc\html\classQsciLexerFortran-members.html", "HTML", 0, 0, 0, 0, 0, 0, 0, 127, 0, 0, 0, 0, 0, 3, 2, 132
"d:\Qt5Project\CodeEditorLite\lib\QScintilla\doc\html\classQsciLexerFortran.html", "HTML", 0, 0, 0, 0, 0, 0, 0, 306, 0, 0, 0, 0, 0, 3, 11, 320
"d:\Qt5Project\CodeEditorLite\lib\QScintilla\doc\html\classQsciLexerFortran77-members.html", "HTML", 0, 0, 0, 0, 0, 0, 0, 125, 0, 0, 0, 0, 0, 3, 2, 130
"d:\Qt5Project\CodeEditorLite\lib\QScintilla\doc\html\classQsciLexerFortran77.html", "HTML", 0, 0, 0, 0, 0, 0, 0, 571, 0, 0, 0, 0, 0, 3, 36, 610
"d:\Qt5Project\CodeEditorLite\lib\QScintilla\doc\html\classQsciLexerHTML-members.html", "HTML", 0, 0, 0, 0, 0, 0, 0, 232, 0, 0, 0, 0, 0, 3, 2, 237
"d:\Qt5Project\CodeEditorLite\lib\QScintilla\doc\html\classQsciLexerHTML.html", "HTML", 0, 0, 0, 0, 0, 0, 0, 1200, 0, 0, 0, 0, 0, 3, 67, 1270
"d:\Qt5Project\CodeEditorLite\lib\QScintilla\doc\html\classQsciLexerHex-members.html", "HTML", 0, 0, 0, 0, 0, 0, 0, 125, 0, 0, 0, 0, 0, 3, 2, 130
"d:\Qt5Project\CodeEditorLite\lib\QScintilla\doc\html\classQsciLexerHex.html", "HTML", 0, 0, 0, 0, 0, 0, 0, 346, 0, 0, 0, 0, 0, 3, 15, 364
"d:\Qt5Project\CodeEditorLite\lib\QScintilla\doc\html\classQsciLexerIDL-members.html", "HTML", 0, 0, 0, 0, 0, 0, 0, 188, 0, 0, 0, 0, 0, 3, 2, 193
"d:\Qt5Project\CodeEditorLite\lib\QScintilla\doc\html\classQsciLexerIDL.html", "HTML", 0, 0, 0, 0, 0, 0, 0, 397, 0, 0, 0, 0, 0, 3, 11, 411
"d:\Qt5Project\CodeEditorLite\lib\QScintilla\doc\html\classQsciLexerIntelHex-members.html", "HTML", 0, 0, 0, 0, 0, 0, 0, 127, 0, 0, 0, 0, 0, 3, 2, 132
"d:\Qt5Project\CodeEditorLite\lib\QScintilla\doc\html\classQsciLexerIntelHex.html", "HTML", 0, 0, 0, 0, 0, 0, 0, 272, 0, 0, 0, 0, 0, 3, 8, 283
"d:\Qt5Project\CodeEditorLite\lib\QScintilla\doc\html\classQsciLexerJSON-members.html", "HTML", 0, 0, 0, 0, 0, 0, 0, 128, 0, 0, 0, 0, 0, 3, 2, 133
"d:\Qt5Project\CodeEditorLite\lib\QScintilla\doc\html\classQsciLexerJSON.html", "HTML", 0, 0, 0, 0, 0, 0, 0, 655, 0, 0, 0, 0, 0, 3, 43, 701
"d:\Qt5Project\CodeEditorLite\lib\QScintilla\doc\html\classQsciLexerJava-members.html", "HTML", 0, 0, 0, 0, 0, 0, 0, 188, 0, 0, 0, 0, 0, 3, 2, 193
"d:\Qt5Project\CodeEditorLite\lib\QScintilla\doc\html\classQsciLexerJava.html", "HTML", 0, 0, 0, 0, 0, 0, 0, 370, 0, 0, 0, 0, 0, 3, 8, 381
"d:\Qt5Project\CodeEditorLite\lib\QScintilla\doc\html\classQsciLexerJavaScript-members.html", "HTML", 0, 0, 0, 0, 0, 0, 0, 188, 0, 0, 0, 0, 0, 3, 2, 193
"d:\Qt5Project\CodeEditorLite\lib\QScintilla\doc\html\classQsciLexerJavaScript.html", "HTML", 0, 0, 0, 0, 0, 0, 0, 450, 0, 0, 0, 0, 0, 3, 17, 470
"d:\Qt5Project\CodeEditorLite\lib\QScintilla\doc\html\classQsciLexerLua-members.html", "HTML", 0, 0, 0, 0, 0, 0, 0, 130, 0, 0, 0, 0, 0, 3, 2, 135
"d:\Qt5Project\CodeEditorLite\lib\QScintilla\doc\html\classQsciLexerLua.html", "HTML", 0, 0, 0, 0, 0, 0, 0, 636, 0, 0, 0, 0, 0, 3, 41, 680
"d:\Qt5Project\CodeEditorLite\lib\QScintilla\doc\html\classQsciLexerMASM-members.html", "HTML", 0, 0, 0, 0, 0, 0, 0, 134, 0, 0, 0, 0, 0, 3, 2, 139
"d:\Qt5Project\CodeEditorLite\lib\QScintilla\doc\html\classQsciLexerMASM.html", "HTML", 0, 0, 0, 0, 0, 0, 0, 263, 0, 0, 0, 0, 0, 3, 5, 271
"d:\Qt5Project\CodeEditorLite\lib\QScintilla\doc\html\classQsciLexerMakefile-members.html", "HTML", 0, 0, 0, 0, 0, 0, 0, 115, 0, 0, 0, 0, 0, 3, 2, 120
"d:\Qt5Project\CodeEditorLite\lib\QScintilla\doc\html\classQsciLexerMakefile.html", "HTML", 0, 0, 0, 0, 0, 0, 0, 365, 0, 0, 0, 0, 0, 3, 19, 387
"d:\Qt5Project\CodeEditorLite\lib\QScintilla\doc\html\classQsciLexerMarkdown-members.html", "HTML", 0, 0, 0, 0, 0, 0, 0, 130, 0, 0, 0, 0, 0, 3, 2, 135
"d:\Qt5Project\CodeEditorLite\lib\QScintilla\doc\html\classQsciLexerMarkdown.html", "HTML", 0, 0, 0, 0, 0, 0, 0, 413, 0, 0, 0, 0, 0, 3, 19, 435
"d:\Qt5Project\CodeEditorLite\lib\QScintilla\doc\html\classQsciLexerMatlab-members.html", "HTML", 0, 0, 0, 0, 0, 0, 0, 117, 0, 0, 0, 0, 0, 3, 2, 122
"d:\Qt5Project\CodeEditorLite\lib\QScintilla\doc\html\classQsciLexerMatlab.html", "HTML", 0, 0, 0, 0, 0, 0, 0, 372, 0, 0, 0, 0, 0, 3, 22, 397
"d:\Qt5Project\CodeEditorLite\lib\QScintilla\doc\html\classQsciLexerNASM-members.html", "HTML", 0, 0, 0, 0, 0, 0, 0, 134, 0, 0, 0, 0, 0, 3, 2, 139
"d:\Qt5Project\CodeEditorLite\lib\QScintilla\doc\html\classQsciLexerNASM.html", "HTML", 0, 0, 0, 0, 0, 0, 0, 263, 0, 0, 0, 0, 0, 3, 5, 271
"d:\Qt5Project\CodeEditorLite\lib\QScintilla\doc\html\classQsciLexerOctave-members.html", "HTML", 0, 0, 0, 0, 0, 0, 0, 119, 0, 0, 0, 0, 0, 3, 2, 124
"d:\Qt5Project\CodeEditorLite\lib\QScintilla\doc\html\classQsciLexerOctave.html", "HTML", 0, 0, 0, 0, 0, 0, 0, 285, 0, 0, 0, 0, 0, 3, 11, 299
"d:\Qt5Project\CodeEditorLite\lib\QScintilla\doc\html\classQsciLexerPO-members.html", "HTML", 0, 0, 0, 0, 0, 0, 0, 127, 0, 0, 0, 0, 0, 3, 2, 132
"d:\Qt5Project\CodeEditorLite\lib\QScintilla\doc\html\classQsciLexerPO.html", "HTML", 0, 0, 0, 0, 0, 0, 0, 562, 0, 0, 0, 0, 0, 3, 33, 598
"d:\Qt5Project\CodeEditorLite\lib\QScintilla\doc\html\classQsciLexerPOV-members.html", "HTML", 0, 0, 0, 0, 0, 0, 0, 131, 0, 0, 0, 0, 0, 3, 2, 136
"d:\Qt5Project\CodeEditorLite\lib\QScintilla\doc\html\classQsciLexerPOV.html", "HTML", 0, 0, 0, 0, 0, 0, 0, 670, 0, 0, 0, 0, 0, 3, 43, 716
"d:\Qt5Project\CodeEditorLite\lib\QScintilla\doc\html\classQsciLexerPascal-members.html", "HTML", 0, 0, 0, 0, 0, 0, 0, 131, 0, 0, 0, 0, 0, 3, 2, 136
"d:\Qt5Project\CodeEditorLite\lib\QScintilla\doc\html\classQsciLexerPascal.html", "HTML", 0, 0, 0, 0, 0, 0, 0, 806, 0, 0, 0, 0, 0, 3, 59, 868
"d:\Qt5Project\CodeEditorLite\lib\QScintilla\doc\html\classQsciLexerPerl-members.html", "HTML", 0, 0, 0, 0, 0, 0, 0, 159, 0, 0, 0, 0, 0, 3, 2, 164
"d:\Qt5Project\CodeEditorLite\lib\QScintilla\doc\html\classQsciLexerPerl.html", "HTML", 0, 0, 0, 0, 0, 0, 0, 905, 0, 0, 0, 0, 0, 3, 60, 968
"d:\Qt5Project\CodeEditorLite\lib\QScintilla\doc\html\classQsciLexerPostScript-members.html", "HTML", 0, 0, 0, 0, 0, 0, 0, 132, 0, 0, 0, 0, 0, 3, 2, 137
"d:\Qt5Project\CodeEditorLite\lib\QScintilla\doc\html\classQsciLexerPostScript.html", "HTML", 0, 0, 0, 0, 0, 0, 0, 712, 0, 0, 0, 0, 0, 3, 47, 762
"d:\Qt5Project\CodeEditorLite\lib\QScintilla\doc\html\classQsciLexerProperties-members.html", "HTML", 0, 0, 0, 0, 0, 0, 0, 118, 0, 0, 0, 0, 0, 3, 2, 123
"d:\Qt5Project\CodeEditorLite\lib\QScintilla\doc\html\classQsciLexerProperties.html", "HTML", 0, 0, 0, 0, 0, 0, 0, 570, 0, 0, 0, 0, 0, 3, 36, 609
"d:\Qt5Project\CodeEditorLite\lib\QScintilla\doc\html\classQsciLexerPython-members.html", "HTML", 0, 0, 0, 0, 0, 0, 0, 152, 0, 0, 0, 0, 0, 3, 2, 157
"d:\Qt5Project\CodeEditorLite\lib\QScintilla\doc\html\classQsciLexerPython.html", "HTML", 0, 0, 0, 0, 0, 0, 0, 1098, 0, 0, 0, 0, 0, 3, 78, 1179
"d:\Qt5Project\CodeEditorLite\lib\QScintilla\doc\html\classQsciLexerRuby-members.html", "HTML", 0, 0, 0, 0, 0, 0, 0, 143, 0, 0, 0, 0, 0, 3, 2, 148
"d:\Qt5Project\CodeEditorLite\lib\QScintilla\doc\html\classQsciLexerRuby.html", "HTML", 0, 0, 0, 0, 0, 0, 0, 743, 0, 0, 0, 0, 0, 3, 48, 794
"d:\Qt5Project\CodeEditorLite\lib\QScintilla\doc\html\classQsciLexerSQL-members.html", "HTML", 0, 0, 0, 0, 0, 0, 0, 146, 0, 0, 0, 0, 0, 3, 2, 151
"d:\Qt5Project\CodeEditorLite\lib\QScintilla\doc\html\classQsciLexerSQL.html", "HTML", 0, 0, 0, 0, 0, 0, 0, 945, 0, 0, 0, 0, 0, 3, 63, 1011
"d:\Qt5Project\CodeEditorLite\lib\QScintilla\doc\html\classQsciLexerSRec-members.html", "HTML", 0, 0, 0, 0, 0, 0, 0, 127, 0, 0, 0, 0, 0, 3, 2, 132
"d:\Qt5Project\CodeEditorLite\lib\QScintilla\doc\html\classQsciLexerSRec.html", "HTML", 0, 0, 0, 0, 0, 0, 0, 272, 0, 0, 0, 0, 0, 3, 8, 283
"d:\Qt5Project\CodeEditorLite\lib\QScintilla\doc\html\classQsciLexerSpice-members.html", "HTML", 0, 0, 0, 0, 0, 0, 0, 117, 0, 0, 0, 0, 0, 3, 2, 122
"d:\Qt5Project\CodeEditorLite\lib\QScintilla\doc\html\classQsciLexerSpice.html", "HTML", 0, 0, 0, 0, 0, 0, 0, 369, 0, 0, 0, 0, 0, 3, 19, 391
"d:\Qt5Project\CodeEditorLite\lib\QScintilla\doc\html\classQsciLexerTCL-members.html", "HTML", 0, 0, 0, 0, 0, 0, 0, 132, 0, 0, 0, 0, 0, 3, 2, 137
"d:\Qt5Project\CodeEditorLite\lib\QScintilla\doc\html\classQsciLexerTCL.html", "HTML", 0, 0, 0, 0, 0, 0, 0, 588, 0, 0, 0, 0, 0, 3, 35, 626
"d:\Qt5Project\CodeEditorLite\lib\QScintilla\doc\html\classQsciLexerTeX-members.html", "HTML", 0, 0, 0, 0, 0, 0, 0, 122, 0, 0, 0, 0, 0, 3, 2, 127
"d:\Qt5Project\CodeEditorLite\lib\QScintilla\doc\html\classQsciLexerTeX.html", "HTML", 0, 0, 0, 0, 0, 0, 0, 623, 0, 0, 0, 0, 0, 3, 41, 667
"d:\Qt5Project\CodeEditorLite\lib\QScintilla\doc\html\classQsciLexerTekHex-members.html", "HTML", 0, 0, 0, 0, 0, 0, 0, 127, 0, 0, 0, 0, 0, 3, 2, 132
"d:\Qt5Project\CodeEditorLite\lib\QScintilla\doc\html\classQsciLexerTekHex.html", "HTML", 0, 0, 0, 0, 0, 0, 0, 272, 0, 0, 0, 0, 0, 3, 8, 283
"d:\Qt5Project\CodeEditorLite\lib\QScintilla\doc\html\classQsciLexerVHDL-members.html", "HTML", 0, 0, 0, 0, 0, 0, 0, 134, 0, 0, 0, 0, 0, 3, 2, 139
"d:\Qt5Project\CodeEditorLite\lib\QScintilla\doc\html\classQsciLexerVHDL.html", "HTML", 0, 0, 0, 0, 0, 0, 0, 760, 0, 0, 0, 0, 0, 3, 51, 814
"d:\Qt5Project\CodeEditorLite\lib\QScintilla\doc\html\classQsciLexerVerilog-members.html", "HTML", 0, 0, 0, 0, 0, 0, 0, 156, 0, 0, 0, 0, 0, 3, 2, 161
"d:\Qt5Project\CodeEditorLite\lib\QScintilla\doc\html\classQsciLexerVerilog.html", "HTML", 0, 0, 0, 0, 0, 0, 0, 794, 0, 0, 0, 0, 0, 3, 51, 848
"d:\Qt5Project\CodeEditorLite\lib\QScintilla\doc\html\classQsciLexerXML-members.html", "HTML", 0, 0, 0, 0, 0, 0, 0, 236, 0, 0, 0, 0, 0, 3, 2, 241
"d:\Qt5Project\CodeEditorLite\lib\QScintilla\doc\html\classQsciLexerXML.html", "HTML", 0, 0, 0, 0, 0, 0, 0, 644, 0, 0, 0, 0, 0, 3, 30, 677
"d:\Qt5Project\CodeEditorLite\lib\QScintilla\doc\html\classQsciLexerYAML-members.html", "HTML", 0, 0, 0, 0, 0, 0, 0, 120, 0, 0, 0, 0, 0, 3, 2, 125
"d:\Qt5Project\CodeEditorLite\lib\QScintilla\doc\html\classQsciLexerYAML.html", "HTML", 0, 0, 0, 0, 0, 0, 0, 552, 0, 0, 0, 0, 0, 3, 35, 590
"d:\Qt5Project\CodeEditorLite\lib\QScintilla\doc\html\classQsciMacro-members.html", "HTML", 0, 0, 0, 0, 0, 0, 0, 60, 0, 0, 0, 0, 0, 3, 2, 65
"d:\Qt5Project\CodeEditorLite\lib\QScintilla\doc\html\classQsciMacro.html", "HTML", 0, 0, 0, 0, 0, 0, 0, 154, 0, 0, 0, 0, 0, 3, 9, 166
"d:\Qt5Project\CodeEditorLite\lib\QScintilla\doc\html\classQsciPrinter-members.html", "HTML", 0, 0, 0, 0, 0, 0, 0, 60, 0, 0, 0, 0, 0, 3, 2, 65
"d:\Qt5Project\CodeEditorLite\lib\QScintilla\doc\html\classQsciPrinter.html", "HTML", 0, 0, 0, 0, 0, 0, 0, 319, 0, 0, 0, 0, 0, 3, 17, 339
"d:\Qt5Project\CodeEditorLite\lib\QScintilla\doc\html\classQsciScintilla-members.html", "HTML", 0, 0, 0, 0, 0, 0, 0, 1707, 0, 0, 0, 0, 0, 3, 2, 1712
"d:\Qt5Project\CodeEditorLite\lib\QScintilla\doc\html\classQsciScintilla.html", "HTML", 0, 0, 0, 0, 0, 0, 0, 9374, 0, 0, 0, 0, 0, 3, 566, 9943
"d:\Qt5Project\CodeEditorLite\lib\QScintilla\doc\html\classQsciScintillaBase-members.html", "HTML", 0, 0, 0, 0, 0, 0, 0, 1299, 0, 0, 0, 0, 0, 3, 2, 1304
"d:\Qt5Project\CodeEditorLite\lib\QScintilla\doc\html\classQsciScintillaBase.html", "HTML", 0, 0, 0, 0, 0, 0, 0, 3694, 0, 0, 0, 0, 0, 3, 87, 3784
"d:\Qt5Project\CodeEditorLite\lib\QScintilla\doc\html\classQsciStyle-members.html", "HTML", 0, 0, 0, 0, 0, 0, 0, 79, 0, 0, 0, 0, 0, 3, 2, 84
"d:\Qt5Project\CodeEditorLite\lib\QScintilla\doc\html\classQsciStyle.html", "HTML", 0, 0, 0, 0, 0, 0, 0, 659, 0, 0, 0, 0, 0, 3, 48, 710
"d:\Qt5Project\CodeEditorLite\lib\QScintilla\doc\html\classQsciStyledText-members.html", "HTML", 0, 0, 0, 0, 0, 0, 0, 56, 0, 0, 0, 0, 0, 3, 2, 61
"d:\Qt5Project\CodeEditorLite\lib\QScintilla\doc\html\classQsciStyledText.html", "HTML", 0, 0, 0, 0, 0, 0, 0, 127, 0, 0, 0, 0, 0, 3, 6, 136
"d:\Qt5Project\CodeEditorLite\lib\QScintilla\doc\html\classes.html", "HTML", 0, 0, 0, 0, 0, 0, 0, 142, 0, 0, 0, 0, 0, 3, 1, 146
"d:\Qt5Project\CodeEditorLite\lib\QScintilla\doc\html\dir_68267d1309a1af8e8297ef4c3efbcdba.html", "HTML", 0, 0, 0, 0, 0, 0, 0, 57, 0, 0, 0, 0, 0, 3, 1, 61
"d:\Qt5Project\CodeEditorLite\lib\QScintilla\doc\html\dir_e7e7b0b6fe362def31d601fa026bbeed.html", "HTML", 0, 0, 0, 0, 0, 0, 0, 53, 0, 0, 0, 0, 0, 3, 1, 57
"d:\Qt5Project\CodeEditorLite\lib\QScintilla\doc\html\doxygen.css", "CSS", 0, 0, 0, 0, 0, 0, 0, 0, 0, 1408, 0, 0, 0, 44, 281, 1733
"d:\Qt5Project\CodeEditorLite\lib\QScintilla\doc\html\doxygen.svg", "XML", 0, 0, 0, 0, 0, 0, 0, 0, 0, 0, 0, 0, 26, 0, 1, 27
"d:\Qt5Project\CodeEditorLite\lib\QScintilla\doc\html\dynsections.js", "JavaScript", 0, 0, 0, 0, 0, 0, 0, 0, 0, 0, 80, 0, 0, 32, 10, 122
"d:\Qt5Project\CodeEditorLite\lib\QScintilla\doc\html\functions.html", "HTML", 0, 0, 0, 0, 0, 0, 0, 332, 0, 0, 0, 0, 0, 3, 2, 337
"d:\Qt5Project\CodeEditorLite\lib\QScintilla\doc\html\functions_b.html", "HTML", 0, 0, 0, 0, 0, 0, 0, 214, 0, 0, 0, 0, 0, 3, 2, 219
"d:\Qt5Project\CodeEditorLite\lib\QScintilla\doc\html\functions_c.html", "HTML", 0, 0, 0, 0, 0, 0, 0, 386, 0, 0, 0, 0, 0, 3, 2, 391
"d:\Qt5Project\CodeEditorLite\lib\QScintilla\doc\html\functions_d.html", "HTML", 0, 0, 0, 0, 0, 0, 0, 427, 0, 0, 0, 0, 0, 3, 2, 432
"d:\Qt5Project\CodeEditorLite\lib\QScintilla\doc\html\functions_e.html", "HTML", 0, 0, 0, 0, 0, 0, 0, 177, 0, 0, 0, 0, 0, 3, 2, 182
"d:\Qt5Project\CodeEditorLite\lib\QScintilla\doc\html\functions_enum.html", "HTML", 0, 0, 0, 0, 0, 0, 0, 107, 0, 0, 0, 0, 0, 3, 1, 111
"d:\Qt5Project\CodeEditorLite\lib\QScintilla\doc\html\functions_eval.html", "HTML", 0, 0, 0, 0, 0, 0, 0, 227, 0, 0, 0, 0, 0, 3, 2, 232
"d:\Qt5Project\CodeEditorLite\lib\QScintilla\doc\html\functions_eval_b.html", "HTML", 0, 0, 0, 0, 0, 0, 0, 141, 0, 0, 0, 0, 0, 3, 2, 146
"d:\Qt5Project\CodeEditorLite\lib\QScintilla\doc\html\functions_eval_c.html", "HTML", 0, 0, 0, 0, 0, 0, 0, 263, 0, 0, 0, 0, 0, 3, 2, 268
"d:\Qt5Project\CodeEditorLite\lib\QScintilla\doc\html\functions_eval_d.html", "HTML", 0, 0, 0, 0, 0, 0, 0, 210, 0, 0, 0, 0, 0, 3, 2, 215
"d:\Qt5Project\CodeEditorLite\lib\QScintilla\doc\html\functions_eval_e.html", "HTML", 0, 0, 0, 0, 0, 0, 0, 122, 0, 0, 0, 0, 0, 3, 2, 127
"d:\Qt5Project\CodeEditorLite\lib\QScintilla\doc\html\functions_eval_f.html", "HTML", 0, 0, 0, 0, 0, 0, 0, 84, 0, 0, 0, 0, 0, 3, 2, 89
"d:\Qt5Project\CodeEditorLite\lib\QScintilla\doc\html\functions_eval_g.html", "HTML", 0, 0, 0, 0, 0, 0, 0, 61, 0, 0, 0, 0, 0, 3, 2, 66
"d:\Qt5Project\CodeEditorLite\lib\QScintilla\doc\html\functions_eval_h.html", "HTML", 0, 0, 0, 0, 0, 0, 0, 137, 0, 0, 0, 0, 0, 3, 2, 142
"d:\Qt5Project\CodeEditorLite\lib\QScintilla\doc\html\functions_eval_i.html", "HTML", 0, 0, 0, 0, 0, 0, 0, 109, 0, 0, 0, 0, 0, 3, 2, 114
"d:\Qt5Project\CodeEditorLite\lib\QScintilla\doc\html\functions_eval_j.html", "HTML", 0, 0, 0, 0, 0, 0, 0, 87, 0, 0, 0, 0, 0, 3, 2, 92
"d:\Qt5Project\CodeEditorLite\lib\QScintilla\doc\html\functions_eval_k.html", "HTML", 0, 0, 0, 0, 0, 0, 0, 119, 0, 0, 0, 0, 0, 3, 2, 124
"d:\Qt5Project\CodeEditorLite\lib\QScintilla\doc\html\functions_eval_l.html", "HTML", 0, 0, 0, 0, 0, 0, 0, 148, 0, 0, 0, 0, 0, 3, 2, 153
"d:\Qt5Project\CodeEditorLite\lib\QScintilla\doc\html\functions_eval_m.html", "HTML", 0, 0, 0, 0, 0, 0, 0, 99, 0, 0, 0, 0, 0, 3, 2, 104
"d:\Qt5Project\CodeEditorLite\lib\QScintilla\doc\html\functions_eval_n.html", "HTML", 0, 0, 0, 0, 0, 0, 0, 97, 0, 0, 0, 0, 0, 3, 2, 102
"d:\Qt5Project\CodeEditorLite\lib\QScintilla\doc\html\functions_eval_o.html", "HTML", 0, 0, 0, 0, 0, 0, 0, 88, 0, 0, 0, 0, 0, 3, 2, 93
"d:\Qt5Project\CodeEditorLite\lib\QScintilla\doc\html\functions_eval_p.html", "HTML", 0, 0, 0, 0, 0, 0, 0, 256, 0, 0, 0, 0, 0, 3, 2, 261
"d:\Qt5Project\CodeEditorLite\lib\QScintilla\doc\html\functions_eval_q.html", "HTML", 0, 0, 0, 0, 0, 0, 0, 84, 0, 0, 0, 0, 0, 3, 2, 89
"d:\Qt5Project\CodeEditorLite\lib\QScintilla\doc\html\functions_eval_r.html", "HTML", 0, 0, 0, 0, 0, 0, 0, 107, 0, 0, 0, 0, 0, 3, 2, 112
"d:\Qt5Project\CodeEditorLite\lib\QScintilla\doc\html\functions_eval_s.html", "HTML", 0, 0, 0, 0, 0, 0, 0, 953, 0, 0, 0, 0, 0, 3, 2, 958
"d:\Qt5Project\CodeEditorLite\lib\QScintilla\doc\html\functions_eval_t.html", "HTML", 0, 0, 0, 0, 0, 0, 0, 149, 0, 0, 0, 0, 0, 3, 2, 154
"d:\Qt5Project\CodeEditorLite\lib\QScintilla\doc\html\functions_eval_u.html", "HTML", 0, 0, 0, 0, 0, 0, 0, 108, 0, 0, 0, 0, 0, 3, 2, 113
"d:\Qt5Project\CodeEditorLite\lib\QScintilla\doc\html\functions_eval_v.html", "HTML", 0, 0, 0, 0, 0, 0, 0, 107, 0, 0, 0, 0, 0, 3, 2, 112
"d:\Qt5Project\CodeEditorLite\lib\QScintilla\doc\html\functions_eval_w.html", "HTML", 0, 0, 0, 0, 0, 0, 0, 132, 0, 0, 0, 0, 0, 3, 2, 137
"d:\Qt5Project\CodeEditorLite\lib\QScintilla\doc\html\functions_eval_x.html", "HTML", 0, 0, 0, 0, 0, 0, 0, 57, 0, 0, 0, 0, 0, 3, 2, 62
"d:\Qt5Project\CodeEditorLite\lib\QScintilla\doc\html\functions_eval_z.html", "HTML", 0, 0, 0, 0, 0, 0, 0, 54, 0, 0, 0, 0, 0, 3, 2, 59
"d:\Qt5Project\CodeEditorLite\lib\QScintilla\doc\html\functions_f.html", "HTML", 0, 0, 0, 0, 0, 0, 0, 231, 0, 0, 0, 0, 0, 3, 2, 236
"d:\Qt5Project\CodeEditorLite\lib\QScintilla\doc\html\functions_func.html", "HTML", 0, 0, 0, 0, 0, 0, 0, 144, 0, 0, 0, 0, 0, 3, 2, 149
"d:\Qt5Project\CodeEditorLite\lib\QScintilla\doc\html\functions_func_b.html", "HTML", 0, 0, 0, 0, 0, 0, 0, 118, 0, 0, 0, 0, 0, 3, 2, 123
"d:\Qt5Project\CodeEditorLite\lib\QScintilla\doc\html\functions_func_c.html", "HTML", 0, 0, 0, 0, 0, 0, 0, 162, 0, 0, 0, 0, 0, 3, 2, 167
"d:\Qt5Project\CodeEditorLite\lib\QScintilla\doc\html\functions_func_d.html", "HTML", 0, 0, 0, 0, 0, 0, 0, 265, 0, 0, 0, 0, 0, 3, 2, 270
"d:\Qt5Project\CodeEditorLite\lib\QScintilla\doc\html\functions_func_e.html", "HTML", 0, 0, 0, 0, 0, 0, 0, 97, 0, 0, 0, 0, 0, 3, 2, 102
"d:\Qt5Project\CodeEditorLite\lib\QScintilla\doc\html\functions_func_f.html", "HTML", 0, 0, 0, 0, 0, 0, 0, 192, 0, 0, 0, 0, 0, 3, 2, 197
"d:\Qt5Project\CodeEditorLite\lib\QScintilla\doc\html\functions_func_g.html", "HTML", 0, 0, 0, 0, 0, 0, 0, 54, 0, 0, 0, 0, 0, 3, 2, 59
"d:\Qt5Project\CodeEditorLite\lib\QScintilla\doc\html\functions_func_h.html", "HTML", 0, 0, 0, 0, 0, 0, 0, 79, 0, 0, 0, 0, 0, 3, 2, 84
"d:\Qt5Project\CodeEditorLite\lib\QScintilla\doc\html\functions_func_i.html", "HTML", 0, 0, 0, 0, 0, 0, 0, 124, 0, 0, 0, 0, 0, 3, 2, 129
"d:\Qt5Project\CodeEditorLite\lib\QScintilla\doc\html\functions_func_k.html", "HTML", 0, 0, 0, 0, 0, 0, 0, 91, 0, 0, 0, 0, 0, 3, 2, 96
"d:\Qt5Project\CodeEditorLite\lib\QScintilla\doc\html\functions_func_l.html", "HTML", 0, 0, 0, 0, 0, 0, 0, 318, 0, 0, 0, 0, 0, 3, 2, 323
"d:\Qt5Project\CodeEditorLite\lib\QScintilla\doc\html\functions_func_m.html", "HTML", 0, 0, 0, 0, 0, 0, 0, 135, 0, 0, 0, 0, 0, 3, 2, 140
"d:\Qt5Project\CodeEditorLite\lib\QScintilla\doc\html\functions_func_o.html", "HTML", 0, 0, 0, 0, 0, 0, 0, 51, 0, 0, 0, 0, 0, 3, 2, 56
"d:\Qt5Project\CodeEditorLite\lib\QScintilla\doc\html\functions_func_p.html", "HTML", 0, 0, 0, 0, 0, 0, 0, 89, 0, 0, 0, 0, 0, 3, 2, 94
"d:\Qt5Project\CodeEditorLite\lib\QScintilla\doc\html\functions_func_q.html", "HTML", 0, 0, 0, 0, 0, 0, 0, 54, 0, 0, 0, 0, 0, 3, 2, 59
"d:\Qt5Project\CodeEditorLite\lib\QScintilla\doc\html\functions_func_r.html", "HTML", 0, 0, 0, 0, 0, 0, 0, 169, 0, 0, 0, 0, 0, 3, 2, 174
"d:\Qt5Project\CodeEditorLite\lib\QScintilla\doc\html\functions_func_s.html", "HTML", 0, 0, 0, 0, 0, 0, 0, 763, 0, 0, 0, 0, 0, 3, 2, 768
"d:\Qt5Project\CodeEditorLite\lib\QScintilla\doc\html\functions_func_t.html", "HTML", 0, 0, 0, 0, 0, 0, 0, 76, 0, 0, 0, 0, 0, 3, 2, 81
"d:\Qt5Project\CodeEditorLite\lib\QScintilla\doc\html\functions_func_u.html", "HTML", 0, 0, 0, 0, 0, 0, 0, 61, 0, 0, 0, 0, 0, 3, 2, 66
"d:\Qt5Project\CodeEditorLite\lib\QScintilla\doc\html\functions_func_v.html", "HTML", 0, 0, 0, 0, 0, 0, 0, 66, 0, 0, 0, 0, 0, 3, 2, 71
"d:\Qt5Project\CodeEditorLite\lib\QScintilla\doc\html\functions_func_w.html", "HTML", 0, 0, 0, 0, 0, 0, 0, 126, 0, 0, 0, 0, 0, 3, 2, 131
"d:\Qt5Project\CodeEditorLite\lib\QScintilla\doc\html\functions_func_z.html", "HTML", 0, 0, 0, 0, 0, 0, 0, 57, 0, 0, 0, 0, 0, 3, 2, 62
"d:\Qt5Project\CodeEditorLite\lib\QScintilla\doc\html\functions_func_~.html", "HTML", 0, 0, 0, 0, 0, 0, 0, 210, 0, 0, 0, 0, 0, 3, 2, 215
"d:\Qt5Project\CodeEditorLite\lib\QScintilla\doc\html\functions_g.html", "HTML", 0, 0, 0, 0, 0, 0, 0, 67, 0, 0, 0, 0, 0, 3, 2, 72
"d:\Qt5Project\CodeEditorLite\lib\QScintilla\doc\html\functions_h.html", "HTML", 0, 0, 0, 0, 0, 0, 0, 168, 0, 0, 0, 0, 0, 3, 2, 173
"d:\Qt5Project\CodeEditorLite\lib\QScintilla\doc\html\functions_i.html", "HTML", 0, 0, 0, 0, 0, 0, 0, 191, 0, 0, 0, 0, 0, 3, 2, 196
"d:\Qt5Project\CodeEditorLite\lib\QScintilla\doc\html\functions_j.html", "HTML", 0, 0, 0, 0, 0, 0, 0, 87, 0, 0, 0, 0, 0, 3, 2, 92
"d:\Qt5Project\CodeEditorLite\lib\QScintilla\doc\html\functions_k.html", "HTML", 0, 0, 0, 0, 0, 0, 0, 162, 0, 0, 0, 0, 0, 3, 2, 167
"d:\Qt5Project\CodeEditorLite\lib\QScintilla\doc\html\functions_l.html", "HTML", 0, 0, 0, 0, 0, 0, 0, 418, 0, 0, 0, 0, 0, 3, 2, 423
"d:\Qt5Project\CodeEditorLite\lib\QScintilla\doc\html\functions_m.html", "HTML", 0, 0, 0, 0, 0, 0, 0, 192, 0, 0, 0, 0, 0, 3, 2, 197
"d:\Qt5Project\CodeEditorLite\lib\QScintilla\doc\html\functions_n.html", "HTML", 0, 0, 0, 0, 0, 0, 0, 97, 0, 0, 0, 0, 0, 3, 2, 102
"d:\Qt5Project\CodeEditorLite\lib\QScintilla\doc\html\functions_o.html", "HTML", 0, 0, 0, 0, 0, 0, 0, 91, 0, 0, 0, 0, 0, 3, 2, 96
"d:\Qt5Project\CodeEditorLite\lib\QScintilla\doc\html\functions_p.html", "HTML", 0, 0, 0, 0, 0, 0, 0, 297, 0, 0, 0, 0, 0, 3, 2, 302
"d:\Qt5Project\CodeEditorLite\lib\QScintilla\doc\html\functions_q.html", "HTML", 0, 0, 0, 0, 0, 0, 0, 90, 0, 0, 0, 0, 0, 3, 2, 95
"d:\Qt5Project\CodeEditorLite\lib\QScintilla\doc\html\functions_r.html", "HTML", 0, 0, 0, 0, 0, 0, 0, 228, 0, 0, 0, 0, 0, 3, 2, 233
"d:\Qt5Project\CodeEditorLite\lib\QScintilla\doc\html\functions_s.html", "HTML", 0, 0, 0, 0, 0, 0, 0, 1668, 0, 0, 0, 0, 0, 3, 2, 1673
"d:\Qt5Project\CodeEditorLite\lib\QScintilla\doc\html\functions_t.html", "HTML", 0, 0, 0, 0, 0, 0, 0, 183, 0, 0, 0, 0, 0, 3, 2, 188
"d:\Qt5Project\CodeEditorLite\lib\QScintilla\doc\html\functions_u.html", "HTML", 0, 0, 0, 0, 0, 0, 0, 121, 0, 0, 0, 0, 0, 3, 2, 126
"d:\Qt5Project\CodeEditorLite\lib\QScintilla\doc\html\functions_v.html", "HTML", 0, 0, 0, 0, 0, 0, 0, 125, 0, 0, 0, 0, 0, 3, 2, 130
"d:\Qt5Project\CodeEditorLite\lib\QScintilla\doc\html\functions_w.html", "HTML", 0, 0, 0, 0, 0, 0, 0, 224, 0, 0, 0, 0, 0, 3, 2, 229
"d:\Qt5Project\CodeEditorLite\lib\QScintilla\doc\html\functions_x.html", "HTML", 0, 0, 0, 0, 0, 0, 0, 57, 0, 0, 0, 0, 0, 3, 2, 62
"d:\Qt5Project\CodeEditorLite\lib\QScintilla\doc\html\functions_z.html", "HTML", 0, 0, 0, 0, 0, 0, 0, 63, 0, 0, 0, 0, 0, 3, 2, 68
"d:\Qt5Project\CodeEditorLite\lib\QScintilla\doc\html\functions_~.html", "HTML", 0, 0, 0, 0, 0, 0, 0, 210, 0, 0, 0, 0, 0, 3, 2, 215
"d:\Qt5Project\CodeEditorLite\lib\QScintilla\doc\html\hierarchy.html", "HTML", 0, 0, 0, 0, 0, 0, 0, 115, 0, 0, 0, 0, 0, 3, 1, 119
"d:\Qt5Project\CodeEditorLite\lib\QScintilla\doc\html\index.html", "HTML", 0, 0, 0, 0, 0, 0, 0, 145, 0, 0, 0, 0, 0, 3, 1, 149
"d:\Qt5Project\CodeEditorLite\lib\QScintilla\doc\html\jquery.js", "JavaScript", 0, 0, 0, 0, 0, 0, 0, 0, 0, 0, 7, 0, 0, 27, 1, 35
"d:\Qt5Project\CodeEditorLite\lib\QScintilla\doc\html\menu.js", "JavaScript", 0, 0, 0, 0, 0, 0, 0, 0, 0, 0, 25, 0, 0, 25, 2, 52
"d:\Qt5Project\CodeEditorLite\lib\QScintilla\doc\html\menudata.js", "JavaScript", 0, 0, 0, 0, 0, 0, 0, 0, 0, 0, 84, 0, 0, 24, 1, 109
"d:\Qt5Project\CodeEditorLite\lib\QScintilla\doc\html\tabs.css", "CSS", 0, 0, 0, 0, 0, 0, 0, 0, 0, 1, 0, 0, 0, 0, 0, 1
"d:\Qt5Project\CodeEditorLite\lib\QScintilla\example\application.qrc", "QRC", 0, 0, 0, 0, 0, 0, 0, 0, 10, 0, 0, 0, 0, 0, 1, 11
"d:\Qt5Project\CodeEditorLite\lib\QScintilla\example\main.cpp", "C++", 0, 10, 0, 0, 0, 0, 0, 0, 0, 0, 0, 0, 0, 48, 5, 63
"d:\Qt5Project\CodeEditorLite\lib\QScintilla\example\mainwindow.cpp", "C++", 0, 244, 0, 0, 0, 0, 0, 0, 0, 0, 0, 0, 0, 48, 48, 340
"d:\Qt5Project\CodeEditorLite\lib\QScintilla\example\mainwindow.h", "C++", 0, 51, 0, 0, 0, 0, 0, 0, 0, 0, 0, 0, 0, 48, 12, 111
"d:\Qt5Project\CodeEditorLite\lib\QScintilla\scintilla\include\ILexer.h", "C++", 0, 72, 0, 0, 0, 0, 0, 0, 0, 0, 0, 0, 0, 6, 13, 91
"d:\Qt5Project\CodeEditorLite\lib\QScintilla\scintilla\include\ILoader.h", "C++", 0, 10, 0, 0, 0, 0, 0, 0, 0, 0, 0, 0, 0, 7, 5, 22
"d:\Qt5Project\CodeEditorLite\lib\QScintilla\scintilla\include\Platform.h", "C++", 0, 407, 0, 0, 0, 0, 0, 0, 0, 0, 0, 0, 0, 67, 80, 554
"d:\Qt5Project\CodeEditorLite\lib\QScintilla\scintilla\include\SciLexer.h", "C++", 0, 1845, 0, 0, 0, 0, 0, 0, 0, 0, 0, 0, 0, 11, 6, 1862
"d:\Qt5Project\CodeEditorLite\lib\QScintilla\scintilla\include\Sci_Position.h", "C++", 0, 12, 0, 0, 0, 0, 0, 0, 0, 0, 0, 0, 0, 10, 8, 30
"d:\Qt5Project\CodeEditorLite\lib\QScintilla\scintilla\include\Scintilla.h", "C++", 0, 1174, 0, 0, 0, 0, 0, 0, 0, 0, 0, 0, 0, 35, 31, 1240
"d:\Qt5Project\CodeEditorLite\lib\QScintilla\scintilla\include\ScintillaWidget.h", "C++", 0, 45, 0, 0, 0, 0, 0, 0, 0, 0, 0, 0, 0, 9, 19, 73
"d:\Qt5Project\CodeEditorLite\lib\QScintilla\scintilla\lexers\LexA68K.cpp", "C++", 0, 193, 0, 0, 0, 0, 0, 0, 0, 0, 0, 0, 0, 90, 63, 346
"d:\Qt5Project\CodeEditorLite\lib\QScintilla\scintilla\lexers\LexAPDL.cpp", "C++", 0, 206, 0, 0, 0, 0, 0, 0, 0, 0, 0, 0, 0, 29, 23, 258
"d:\Qt5Project\CodeEditorLite\lib\QScintilla\scintilla\lexers\LexASY.cpp", "C++", 0, 235, 0, 0, 0, 0, 0, 0, 0, 0, 0, 0, 0, 6, 29, 270
"d:\Qt5Project\CodeEditorLite\lib\QScintilla\scintilla\lexers\LexAU3.cpp", "C++", 0, 706, 0, 0, 0, 0, 0, 0, 0, 0, 0, 0, 0, 171, 32, 909
"d:\Qt5Project\CodeEditorLite\lib\QScintilla\scintilla\lexers\LexAVE.cpp", "C++", 0, 188, 0, 0, 0, 0, 0, 0, 0, 0, 0, 0, 0, 18, 24, 230
"d:\Qt5Project\CodeEditorLite\lib\QScintilla\scintilla\lexers\LexAVS.cpp", "C++", 0, 242, 0, 0, 0, 0, 0, 0, 0, 0, 0, 0, 0, 21, 29, 292
"d:\Qt5Project\CodeEditorLite\lib\QScintilla\scintilla\lexers\LexAbaqus.cpp", "C++", 0, 434, 0, 0, 0, 0, 0, 0, 0, 0, 0, 0, 0, 102, 68, 604
"d:\Qt5Project\CodeEditorLite\lib\QScintilla\scintilla\lexers\LexAda.cpp", "C++", 0, 358, 0, 0, 0, 0, 0, 0, 0, 0, 0, 0, 0, 51, 105, 514
"d:\Qt5Project\CodeEditorLite\lib\QScintilla\scintilla\lexers\LexAsm.cpp", "C++", 0, 397, 0, 0, 0, 0, 0, 0, 0, 0, 0, 0, 0, 23, 47, 467
"d:\Qt5Project\CodeEditorLite\lib\QScintilla\scintilla\lexers\LexAsn1.cpp", "C++", 0, 129, 0, 0, 0, 0, 0, 0, 0, 0, 0, 0, 0, 40, 18, 187
"d:\Qt5Project\CodeEditorLite\lib\QScintilla\scintilla\lexers\LexBaan.cpp", "C++", 0, 851, 0, 0, 0, 0, 0, 0, 0, 0, 0, 0, 0, 66, 72, 989
"d:\Qt5Project\CodeEditorLite\lib\QScintilla\scintilla\lexers\LexBash.cpp", "C++", 0, 802, 0, 0, 0, 0, 0, 0, 0, 0, 0, 0, 0, 72, 34, 908
"d:\Qt5Project\CodeEditorLite\lib\QScintilla\scintilla\lexers\LexBasic.cpp", "C++", 0, 474, 0, 0, 0, 0, 0, 0, 0, 0, 0, 0, 0, 37, 55, 566
"d:\Qt5Project\CodeEditorLite\lib\QScintilla\scintilla\lexers\LexBatch.cpp", "C++", 0, 352, 0, 0, 0, 0, 0, 0, 0, 0, 0, 0, 0, 124, 23, 499
"d:\Qt5Project\CodeEditorLite\lib\QScintilla\scintilla\lexers\LexBibTeX.cpp", "C++", 0, 194, 0, 0, 0, 0, 0, 0, 0, 0, 0, 0, 0, 53, 62, 309
"d:\Qt5Project\CodeEditorLite\lib\QScintilla\scintilla\lexers\LexBullant.cpp", "C++", 0, 195, 0, 0, 0, 0, 0, 0, 0, 0, 0, 0, 0, 19, 18, 232
"d:\Qt5Project\CodeEditorLite\lib\QScintilla\scintilla\lexers\LexCLW.cpp", "C++", 0, 441, 0, 0, 0, 0, 0, 0, 0, 0, 0, 0, 0, 179, 61, 681
"d:\Qt5Project\CodeEditorLite\lib\QScintilla\scintilla\lexers\LexCOBOL.cpp", "C++", 0, 321, 0, 0, 0, 0, 0, 0, 0, 0, 0, 0, 0, 20, 39, 380
"d:\Qt5Project\CodeEditorLite\lib\QScintilla\scintilla\lexers\LexCPP.cpp", "C++", 0, 1530, 0, 0, 0, 0, 0, 0, 0, 0, 0, 0, 0, 85, 111, 1726
"d:\Qt5Project\CodeEditorLite\lib\QScintilla\scintilla\lexers\LexCSS.cpp", "C++", 0, 481, 0, 0, 0, 0, 0, 0, 0, 0, 0, 0, 0, 47, 40, 568
"d:\Qt5Project\CodeEditorLite\lib\QScintilla\scintilla\lexers\LexCaml.cpp", "C++", 0, 332, 0, 0, 0, 0, 0, 0, 0, 0, 0, 0, 0, 83, 46, 461
"d:\Qt5Project\CodeEditorLite\lib\QScintilla\scintilla\lexers\LexCmake.cpp", "C++", 0, 361, 0, 0, 0, 0, 0, 0, 0, 0, 0, 0, 0, 19, 76, 456
"d:\Qt5Project\CodeEditorLite\lib\QScintilla\scintilla\lexers\LexCoffeeScript.cpp", "C++", 0, 366, 0, 0, 0, 0, 0, 0, 0, 0, 0, 0, 0, 69, 49, 484
"d:\Qt5Project\CodeEditorLite\lib\QScintilla\scintilla\lexers\LexConf.cpp", "C++", 0, 129, 0, 0, 0, 0, 0, 0, 0, 0, 0, 0, 0, 40, 22, 191
"d:\Qt5Project\CodeEditorLite\lib\QScintilla\scintilla\lexers\LexCrontab.cpp", "C++", 0, 163, 0, 0, 0, 0, 0, 0, 0, 0, 0, 0, 0, 44, 18, 225
"d:\Qt5Project\CodeEditorLite\lib\QScintilla\scintilla\lexers\LexCsound.cpp", "C++", 0, 178, 0, 0, 0, 0, 0, 0, 0, 0, 0, 0, 0, 13, 22, 213
"d:\Qt5Project\CodeEditorLite\lib\QScintilla\scintilla\lexers\LexD.cpp", "C++", 0, 488, 0, 0, 0, 0, 0, 0, 0, 0, 0, 0, 0, 33, 47, 568
"d:\Qt5Project\CodeEditorLite\lib\QScintilla\scintilla\lexers\LexDMAP.cpp", "C++", 0, 182, 0, 0, 0, 0, 0, 0, 0, 0, 0, 0, 0, 41, 4, 227
"d:\Qt5Project\CodeEditorLite\lib\QScintilla\scintilla\lexers\LexDMIS.cpp", "C++", 0, 284, 0, 0, 0, 0, 0, 0, 0, 0, 0, 0, 0, 7, 64, 355
"d:\Qt5Project\CodeEditorLite\lib\QScintilla\scintilla\lexers\LexDiff.cpp", "C++", 0, 128, 0, 0, 0, 0, 0, 0, 0, 0, 0, 0, 0, 18, 16, 162
"d:\Qt5Project\CodeEditorLite\lib\QScintilla\scintilla\lexers\LexECL.cpp", "C++", 0, 458, 0, 0, 0, 0, 0, 0, 0, 0, 0, 0, 0, 32, 30, 520
"d:\Qt5Project\CodeEditorLite\lib\QScintilla\scintilla\lexers\LexEDIFACT.cpp", "C++", 0, 255, 0, 0, 0, 0, 0, 0, 0, 0, 0, 0, 0, 29, 53, 337
"d:\Qt5Project\CodeEditorLite\lib\QScintilla\scintilla\lexers\LexEScript.cpp", "C++", 0, 209, 0, 0, 0, 0, 0, 0, 0, 0, 0, 0, 0, 23, 43, 275
"d:\Qt5Project\CodeEditorLite\lib\QScintilla\scintilla\lexers\LexEiffel.cpp", "C++", 0, 204, 0, 0, 0, 0, 0, 0, 0, 0, 0, 0, 0, 13, 23, 240
"d:\Qt5Project\CodeEditorLite\lib\QScintilla\scintilla\lexers\LexErlang.cpp", "C++", 0, 509, 0, 0, 0, 0, 0, 0, 0, 0, 0, 0, 0, 45, 71, 625
"d:\Qt5Project\CodeEditorLite\lib\QScintilla\scintilla\lexers\LexErrorList.cpp", "C++", 0, 322, 0, 0, 0, 0, 0, 0, 0, 0, 0, 0, 0, 49, 23, 394
"d:\Qt5Project\CodeEditorLite\lib\QScintilla\scintilla\lexers\LexFlagship.cpp", "C++", 0, 313, 0, 0, 0, 0, 0, 0, 0, 0, 0, 0, 0, 18, 22, 353
"d:\Qt5Project\CodeEditorLite\lib\QScintilla\scintilla\lexers\LexForth.cpp", "C++", 0, 135, 0, 0, 0, 0, 0, 0, 0, 0, 0, 0, 0, 15, 19, 169
"d:\Qt5Project\CodeEditorLite\lib\QScintilla\scintilla\lexers\LexFortran.cpp", "C++", 0, 647, 0, 0, 0, 0, 0, 0, 0, 0, 0, 0, 0, 59, 16, 722
"d:\Qt5Project\CodeEditorLite\lib\QScintilla\scintilla\lexers\LexGAP.cpp", "C++", 0, 218, 0, 0, 0, 0, 0, 0, 0, 0, 0, 0, 0, 13, 34, 265
"d:\Qt5Project\CodeEditorLite\lib\QScintilla\scintilla\lexers\LexGui4Cli.cpp", "C++", 0, 232, 0, 0, 0, 0, 0, 0, 0, 0, 0, 0, 0, 31, 49, 312
"d:\Qt5Project\CodeEditorLite\lib\QScintilla\scintilla\lexers\LexHTML.cpp", "C++", 0, 2263, 0, 0, 0, 0, 0, 0, 0, 0, 0, 0, 0, 91, 116, 2470
"d:\Qt5Project\CodeEditorLite\lib\QScintilla\scintilla\lexers\LexHaskell.cpp", "C++", 0, 851, 0, 0, 0, 0, 0, 0, 0, 0, 0, 0, 0, 106, 154, 1111
"d:\Qt5Project\CodeEditorLite\lib\QScintilla\scintilla\lexers\LexHex.cpp", "C++", 0, 689, 0, 0, 0, 0, 0, 0, 0, 0, 0, 0, 0, 178, 179, 1046
"d:\Qt5Project\CodeEditorLite\lib\QScintilla\scintilla\lexers\LexIndent.cpp", "C++", 0, 56, 0, 0, 0, 0, 0, 0, 0, 0, 0, 0, 0, 6, 10, 72
"d:\Qt5Project\CodeEditorLite\lib\QScintilla\scintilla\lexers\LexInno.cpp", "C++", 0, 228, 0, 0, 0, 0, 0, 0, 0, 0, 0, 0, 0, 24, 37, 289
"d:\Qt5Project\CodeEditorLite\lib\QScintilla\scintilla\lexers\LexJSON.cpp", "C++", 0, 448, 0, 0, 0, 0, 0, 0, 0, 0, 0, 0, 0, 32, 19, 499
"d:\Qt5Project\CodeEditorLite\lib\QScintilla\scintilla\lexers\LexKVIrc.cpp", "C++", 0, 246, 0, 0, 0, 0, 0, 0, 0, 0, 0, 0, 0, 140, 86, 472
"d:\Qt5Project\CodeEditorLite\lib\QScintilla\scintilla\lexers\LexKix.cpp", "C++", 0, 104, 0, 0, 0, 0, 0, 0, 0, 0, 0, 0, 0, 12, 19, 135
"d:\Qt5Project\CodeEditorLite\lib\QScintilla\scintilla\lexers\LexLPeg.cpp", "C++", 0, 589, 0, 0, 0, 0, 0, 0, 0, 0, 0, 0, 0, 157, 54, 800
"d:\Qt5Project\CodeEditorLite\lib\QScintilla\scintilla\lexers\LexLaTeX.cpp", "C++", 0, 495, 0, 0, 0, 0, 0, 0, 0, 0, 0, 0, 0, 13, 31, 539
"d:\Qt5Project\CodeEditorLite\lib\QScintilla\scintilla\lexers\LexLisp.cpp", "C++", 0, 253, 0, 0, 0, 0, 0, 0, 0, 0, 0, 0, 0, 8, 23, 284
"d:\Qt5Project\CodeEditorLite\lib\QScintilla\scintilla\lexers\LexLout.cpp", "C++", 0, 178, 0, 0, 0, 0, 0, 0, 0, 0, 0, 0, 0, 12, 24, 214
"d:\Qt5Project\CodeEditorLite\lib\QScintilla\scintilla\lexers\LexLua.cpp", "C++", 0, 440, 0, 0, 0, 0, 0, 0, 0, 0, 0, 0, 0, 35, 28, 503
"d:\Qt5Project\CodeEditorLite\lib\QScintilla\scintilla\lexers\LexMMIXAL.cpp", "C++", 0, 158, 0, 0, 0, 0, 0, 0, 0, 0, 0, 0, 0, 13, 18, 189
"d:\Qt5Project\CodeEditorLite\lib\QScintilla\scintilla\lexers\LexMPT.cpp", "C++", 0, 127, 0, 0, 0, 0, 0, 0, 0, 0, 0, 0, 0, 34, 31, 192
"d:\Qt5Project\CodeEditorLite\lib\QScintilla\scintilla\lexers\LexMSSQL.cpp", "C++", 0, 295, 0, 0, 0, 0, 0, 0, 0, 0, 0, 0, 0, 24, 34, 353
"d:\Qt5Project\CodeEditorLite\lib\QScintilla\scintilla\lexers\LexMagik.cpp", "C++", 0, 295, 0, 0, 0, 0, 0, 0, 0, 0, 0, 0, 0, 90, 62, 447
"d:\Qt5Project\CodeEditorLite\lib\QScintilla\scintilla\lexers\LexMake.cpp", "C++", 0, 116, 0, 0, 0, 0, 0, 0, 0, 0, 0, 0, 0, 13, 14, 143
"d:\Qt5Project\CodeEditorLite\lib\QScintilla\scintilla\lexers\LexMarkdown.cpp", "C++", 0, 298, 0, 0, 0, 0, 0, 0, 0, 0, 0, 0, 0, 101, 21, 420
"d:\Qt5Project\CodeEditorLite\lib\QScintilla\scintilla\lexers\LexMatlab.cpp", "C++", 0, 299, 0, 0, 0, 0, 0, 0, 0, 0, 0, 0, 0, 46, 45, 390
"d:\Qt5Project\CodeEditorLite\lib\QScintilla\scintilla\lexers\LexMaxima.cpp", "C++", 0, 178, 0, 0, 0, 0, 0, 0, 0, 0, 0, 0, 0, 19, 26, 223
"d:\Qt5Project\CodeEditorLite\lib\QScintilla\scintilla\lexers\LexMetapost.cpp", "C++", 0, 297, 0, 0, 0, 0, 0, 0, 0, 0, 0, 0, 0, 42, 62, 401
"d:\Qt5Project\CodeEditorLite\lib\QScintilla\scintilla\lexers\LexModula.cpp", "C++", 0, 677, 0, 0, 0, 0, 0, 0, 0, 0, 0, 0, 0, 11, 54, 742
"d:\Qt5Project\CodeEditorLite\lib\QScintilla\scintilla\lexers\LexMySQL.cpp", "C++", 0, 446, 0, 0, 0, 0, 0, 0, 0, 0, 0, 0, 0, 79, 50, 575
"d:\Qt5Project\CodeEditorLite\lib\QScintilla\scintilla\lexers\LexNimrod.cpp", "C++", 0, 343, 0, 0, 0, 0, 0, 0, 0, 0, 0, 0, 0, 47, 42, 432
"d:\Qt5Project\CodeEditorLite\lib\QScintilla\scintilla\lexers\LexNsis.cpp", "C++", 0, 520, 0, 0, 0, 0, 0, 0, 0, 0, 0, 0, 0, 48, 93, 661
"d:\Qt5Project\CodeEditorLite\lib\QScintilla\scintilla\lexers\LexNull.cpp", "C++", 0, 25, 0, 0, 0, 0, 0, 0, 0, 0, 0, 0, 0, 7, 7, 39
"d:\Qt5Project\CodeEditorLite\lib\QScintilla\scintilla\lexers\LexOScript.cpp", "C++", 0, 377, 0, 0, 0, 0, 0, 0, 0, 0, 0, 0, 0, 119, 51, 547
"d:\Qt5Project\CodeEditorLite\lib\QScintilla\scintilla\lexers\LexOpal.cpp", "C++", 0, 430, 0, 0, 0, 0, 0, 0, 0, 0, 0, 0, 0, 27, 67, 524
"d:\Qt5Project\CodeEditorLite\lib\QScintilla\scintilla\lexers\LexPB.cpp", "C++", 0, 301, 0, 0, 0, 0, 0, 0, 0, 0, 0, 0, 0, 40, 23, 364
"d:\Qt5Project\CodeEditorLite\lib\QScintilla\scintilla\lexers\LexPLM.cpp", "C++", 0, 174, 0, 0, 0, 0, 0, 0, 0, 0, 0, 0, 0, 4, 22, 200
"d:\Qt5Project\CodeEditorLite\lib\QScintilla\scintilla\lexers\LexPO.cpp", "C++", 0, 162, 0, 0, 0, 0, 0, 0, 0, 0, 0, 0, 0, 22, 28, 212
"d:\Qt5Project\CodeEditorLite\lib\QScintilla\scintilla\lexers\LexPOV.cpp", "C++", 0, 263, 0, 0, 0, 0, 0, 0, 0, 0, 0, 0, 0, 32, 23, 318
"d:\Qt5Project\CodeEditorLite\lib\QScintilla\scintilla\lexers\LexPS.cpp", "C++", 0, 291, 0, 0, 0, 0, 0, 0, 0, 0, 0, 0, 0, 16, 25, 332
"d:\Qt5Project\CodeEditorLite\lib\QScintilla\scintilla\lexers\LexPascal.cpp", "C++", 0, 444, 0, 0, 0, 0, 0, 0, 0, 0, 0, 0, 0, 126, 44, 614
"d:\Qt5Project\CodeEditorLite\lib\QScintilla\scintilla\lexers\LexPerl.cpp", "C++", 0, 1542, 0, 0, 0, 0, 0, 0, 0, 0, 0, 0, 0, 196, 74, 1812
"d:\Qt5Project\CodeEditorLite\lib\QScintilla\scintilla\lexers\LexPowerPro.cpp", "C++", 0, 442, 0, 0, 0, 0, 0, 0, 0, 0, 0, 0, 0, 96, 91, 629
"d:\Qt5Project\CodeEditorLite\lib\QScintilla\scintilla\lexers\LexPowerShell.cpp", "C++", 0, 218, 0, 0, 0, 0, 0, 0, 0, 0, 0, 0, 0, 17, 18, 253
"d:\Qt5Project\CodeEditorLite\lib\QScintilla\scintilla\lexers\LexProgress.cpp", "C++", 0, 478, 0, 0, 0, 0, 0, 0, 0, 0, 0, 0, 0, 43, 44, 565
"d:\Qt5Project\CodeEditorLite\lib\QScintilla\scintilla\lexers\LexProps.cpp", "C++", 0, 146, 0, 0, 0, 0, 0, 0, 0, 0, 0, 0, 0, 14, 28, 188
"d:\Qt5Project\CodeEditorLite\lib\QScintilla\scintilla\lexers\LexPython.cpp", "C++", 0, 780, 0, 0, 0, 0, 0, 0, 0, 0, 0, 0, 0, 80, 125, 985
"d:\Qt5Project\CodeEditorLite\lib\QScintilla\scintilla\lexers\LexR.cpp", "C++", 0, 174, 0, 0, 0, 0, 0, 0, 0, 0, 0, 0, 0, 17, 24, 215
"d:\Qt5Project\CodeEditorLite\lib\QScintilla\scintilla\lexers\LexRebol.cpp", "C++", 0, 259, 0, 0, 0, 0, 0, 0, 0, 0, 0, 0, 0, 34, 31, 324
"d:\Qt5Project\CodeEditorLite\lib\QScintilla\scintilla\lexers\LexRegistry.cpp", "C++", 0, 379, 0, 0, 0, 0, 0, 0, 0, 0, 0, 0, 0, 16, 21, 416
"d:\Qt5Project\CodeEditorLite\lib\QScintilla\scintilla\lexers\LexRuby.cpp", "C++", 0, 1420, 0, 0, 0, 0, 0, 0, 0, 0, 0, 0, 0, 343, 117, 1880
"d:\Qt5Project\CodeEditorLite\lib\QScintilla\scintilla\lexers\LexRust.cpp", "C++", 0, 729, 0, 0, 0, 0, 0, 0, 0, 0, 0, 0, 0, 44, 67, 840
"d:\Qt5Project\CodeEditorLite\lib\QScintilla\scintilla\lexers\LexSAS.cpp", "C++", 0, 184, 0, 0, 0, 0, 0, 0, 0, 0, 0, 0, 0, 21, 16, 221
"d:\Qt5Project\CodeEditorLite\lib\QScintilla\scintilla\lexers\LexSML.cpp", "C++", 0, 193, 0, 0, 0, 0, 0, 0, 0, 0, 0, 0, 0, 7, 27, 227
"d:\Qt5Project\CodeEditorLite\lib\QScintilla\scintilla\lexers\LexSQL.cpp", "C++", 0, 820, 0, 0, 0, 0, 0, 0, 0, 0, 0, 0, 0, 59, 89, 968
"d:\Qt5Project\CodeEditorLite\lib\QScintilla\scintilla\lexers\LexSTTXT.cpp", "C++", 0, 354, 0, 0, 0, 0, 0, 0, 0, 0, 0, 0, 0, 9, 42, 405
"d:\Qt5Project\CodeEditorLite\lib\QScintilla\scintilla\lexers\LexScriptol.cpp", "C++", 0, 339, 0, 0, 0, 0, 0, 0, 0, 0, 0, 0, 0, 9, 32, 380
"d:\Qt5Project\CodeEditorLite\lib\QScintilla\scintilla\lexers\LexSmalltalk.cpp", "C++", 0, 247, 0, 0, 0, 0, 0, 0, 0, 0, 0, 0, 0, 46, 32, 325
"d:\Qt5Project\CodeEditorLite\lib\QScintilla\scintilla\lexers\LexSorcus.cpp", "C++", 0, 131, 0, 0, 0, 0, 0, 0, 0, 0, 0, 0, 0, 15, 61, 207
"d:\Qt5Project\CodeEditorLite\lib\QScintilla\scintilla\lexers\LexSpecman.cpp", "C++", 0, 244, 0, 0, 0, 0, 0, 0, 0, 0, 0, 0, 0, 22, 25, 291
"d:\Qt5Project\CodeEditorLite\lib\QScintilla\scintilla\lexers\LexSpice.cpp", "C++", 0, 158, 0, 0, 0, 0, 0, 0, 0, 0, 0, 0, 0, 26, 21, 205
"d:\Qt5Project\CodeEditorLite\lib\QScintilla\scintilla\lexers\LexStata.cpp", "C++", 0, 164, 0, 0, 0, 0, 0, 0, 0, 0, 0, 0, 0, 24, 16, 204
"d:\Qt5Project\CodeEditorLite\lib\QScintilla\scintilla\lexers\LexTACL.cpp", "C++", 0, 339, 0, 0, 0, 0, 0, 0, 0, 0, 0, 0, 0, 17, 43, 399
"d:\Qt5Project\CodeEditorLite\lib\QScintilla\scintilla\lexers\LexTADS3.cpp", "C++", 0, 751, 0, 0, 0, 0, 0, 0, 0, 0, 0, 0, 0, 100, 51, 902
"d:\Qt5Project\CodeEditorLite\lib\QScintilla\scintilla\lexers\LexTAL.cpp", "C++", 0, 338, 0, 0, 0, 0, 0, 0, 0, 0, 0, 0, 0, 17, 43, 398
"d:\Qt5Project\CodeEditorLite\lib\QScintilla\scintilla\lexers\LexTCL.cpp", "C++", 0, 332, 0, 0, 0, 0, 0, 0, 0, 0, 0, 0, 0, 15, 22, 369
"d:\Qt5Project\CodeEditorLite\lib\QScintilla\scintilla\lexers\LexTCMD.cpp", "C++", 0, 323, 0, 0, 0, 0, 0, 0, 0, 0, 0, 0, 0, 107, 75, 505
"d:\Qt5Project\CodeEditorLite\lib\QScintilla\scintilla\lexers\LexTeX.cpp", "C++", 0, 369, 0, 0, 0, 0, 0, 0, 0, 0, 0, 0, 0, 45, 82, 496
"d:\Qt5Project\CodeEditorLite\lib\QScintilla\scintilla\lexers\LexTxt2tags.cpp", "C++", 0, 355, 0, 0, 0, 0, 0, 0, 0, 0, 0, 0, 0, 95, 29, 479
"d:\Qt5Project\CodeEditorLite\lib\QScintilla\scintilla\lexers\LexVB.cpp", "C++", 0, 252, 0, 0, 0, 0, 0, 0, 0, 0, 0, 0, 0, 34, 32, 318
"d:\Qt5Project\CodeEditorLite\lib\QScintilla\scintilla\lexers\LexVHDL.cpp", "C++", 0, 466, 0, 0, 0, 0, 0, 0, 0, 0, 0, 0, 0, 74, 46, 586
"d:\Qt5Project\CodeEditorLite\lib\QScintilla\scintilla\lexers\LexVerilog.cpp", "C++", 0, 956, 0, 0, 0, 0, 0, 0, 0, 0, 0, 0, 0, 67, 55, 1078
"d:\Qt5Project\CodeEditorLite\lib\QScintilla\scintilla\lexers\LexVisualProlog.cpp", "C++", 0, 440, 0, 0, 0, 0, 0, 0, 0, 0, 0, 0, 0, 31, 40, 511
"d:\Qt5Project\CodeEditorLite\lib\QScintilla\scintilla\lexers\LexYAML.cpp", "C++", 0, 276, 0, 0, 0, 0, 0, 0, 0, 0, 0, 0, 0, 35, 41, 352
"d:\Qt5Project\CodeEditorLite\lib\QScintilla\scintilla\lexlib\Accessor.cpp", "C++", 0, 52, 0, 0, 0, 0, 0, 0, 0, 0, 0, 0, 0, 11, 11, 74
"d:\Qt5Project\CodeEditorLite\lib\QScintilla\scintilla\lexlib\Accessor.h", "C++", 0, 17, 0, 0, 0, 0, 0, 0, 0, 0, 0, 0, 0, 6, 9, 32
"d:\Qt5Project\CodeEditorLite\lib\QScintilla\scintilla\lexlib\CharacterCategory.cpp", "C++", 0, 3907, 0, 0, 0, 0, 0, 0, 0, 0, 0, 0, 0, 37, 23, 3967
"d:\Qt5Project\CodeEditorLite\lib\QScintilla\scintilla\lexlib\CharacterCategory.h", "C++", 0, 19, 0, 0, 0, 0, 0, 0, 0, 0, 0, 0, 0, 7, 8, 34
"d:\Qt5Project\CodeEditorLite\lib\QScintilla\scintilla\lexlib\CharacterSet.cpp", "C++", 0, 36, 0, 0, 0, 0, 0, 0, 0, 0, 0, 0, 0, 9, 8, 53
"d:\Qt5Project\CodeEditorLite\lib\QScintilla\scintilla\lexlib\CharacterSet.h", "C++", 0, 158, 0, 0, 0, 0, 0, 0, 0, 0, 0, 0, 0, 14, 23, 195
"d:\Qt5Project\CodeEditorLite\lib\QScintilla\scintilla\lexlib\DefaultLexer.cpp", "C++", 0, 88, 0, 0, 0, 0, 0, 0, 0, 0, 0, 0, 0, 6, 32, 126
"d:\Qt5Project\CodeEditorLite\lib\QScintilla\scintilla\lexlib\DefaultLexer.h", "C++", 0, 37, 0, 0, 0, 0, 0, 0, 0, 0, 0, 0, 0, 9, 6, 52
"d:\Qt5Project\CodeEditorLite\lib\QScintilla\scintilla\lexlib\LexAccessor.h", "C++", 0, 178, 0, 0, 0, 0, 0, 0, 0, 0, 0, 0, 0, 18, 13, 209
"d:\Qt5Project\CodeEditorLite\lib\QScintilla\scintilla\lexlib\LexerBase.cpp", "C++", 0, 108, 0, 0, 0, 0, 0, 0, 0, 0, 0, 0, 0, 6, 31, 145
"d:\Qt5Project\CodeEditorLite\lib\QScintilla\scintilla\lexlib\LexerBase.h", "C++", 0, 41, 0, 0, 0, 0, 0, 0, 0, 0, 0, 0, 0, 7, 6, 54
"d:\Qt5Project\CodeEditorLite\lib\QScintilla\scintilla\lexlib\LexerModule.cpp", "C++", 0, 101, 0, 0, 0, 0, 0, 0, 0, 0, 0, 0, 0, 7, 19, 127
"d:\Qt5Project\CodeEditorLite\lib\QScintilla\scintilla\lexlib\LexerModule.h", "C++", 0, 57, 0, 0, 0, 0, 0, 0, 0, 0, 0, 0, 0, 15, 16, 88
"d:\Qt5Project\CodeEditorLite\lib\QScintilla\scintilla\lexlib\LexerNoExceptions.cpp", "C++", 0, 45, 0, 0, 0, 0, 0, 0, 0, 0, 0, 0, 0, 10, 8, 63
"d:\Qt5Project\CodeEditorLite\lib\QScintilla\scintilla\lexlib\LexerNoExceptions.h", "C++", 0, 14, 0, 0, 0, 0, 0, 0, 0, 0, 0, 0, 0, 8, 7, 29
"d:\Qt5Project\CodeEditorLite\lib\QScintilla\scintilla\lexlib\LexerSimple.cpp", "C++", 0, 38, 0, 0, 0, 0, 0, 0, 0, 0, 0, 0, 0, 6, 10, 54
"d:\Qt5Project\CodeEditorLite\lib\QScintilla\scintilla\lexlib\LexerSimple.h", "C++", 0, 14, 0, 0, 0, 0, 0, 0, 0, 0, 0, 0, 0, 7, 6, 27
"d:\Qt5Project\CodeEditorLite\lib\QScintilla\scintilla\lexlib\OptionSet.h", "C++", 0, 121, 0, 0, 0, 0, 0, 0, 0, 0, 0, 0, 0, 8, 10, 139
"d:\Qt5Project\CodeEditorLite\lib\QScintilla\scintilla\lexlib\PropSetSimple.cpp", "C++", 0, 114, 0, 0, 0, 0, 0, 0, 0, 0, 0, 0, 0, 13, 31, 158
"d:\Qt5Project\CodeEditorLite\lib\QScintilla\scintilla\lexlib\PropSetSimple.h", "C++", 0, 17, 0, 0, 0, 0, 0, 0, 0, 0, 0, 0, 0, 6, 6, 29
"d:\Qt5Project\CodeEditorLite\lib\QScintilla\scintilla\lexlib\SparseState.h", "C++", 0, 86, 0, 0, 0, 0, 0, 0, 0, 0, 0, 0, 0, 11, 10, 107
"d:\Qt5Project\CodeEditorLite\lib\QScintilla\scintilla\lexlib\StringCopy.h", "C++", 0, 15, 0, 0, 0, 0, 0, 0, 0, 0, 0, 0, 0, 10, 8, 33
"d:\Qt5Project\CodeEditorLite\lib\QScintilla\scintilla\lexlib\StyleContext.cpp", "C++", 0, 54, 0, 0, 0, 0, 0, 0, 0, 0, 0, 0, 0, 6, 10, 70
"d:\Qt5Project\CodeEditorLite\lib\QScintilla\scintilla\lexlib\StyleContext.h", "C++", 0, 183, 0, 0, 0, 0, 0, 0, 0, 0, 0, 0, 0, 18, 12, 213
"d:\Qt5Project\CodeEditorLite\lib\QScintilla\scintilla\lexlib\SubStyles.h", "C++", 0, 159, 0, 0, 0, 0, 0, 0, 0, 0, 0, 0, 0, 6, 32, 197
"d:\Qt5Project\CodeEditorLite\lib\QScintilla\scintilla\lexlib\WordList.cpp", "C++", 0, 239, 0, 0, 0, 0, 0, 0, 0, 0, 0, 0, 0, 30, 27, 296
"d:\Qt5Project\CodeEditorLite\lib\QScintilla\scintilla\lexlib\WordList.h", "C++", 0, 24, 0, 0, 0, 0, 0, 0, 0, 0, 0, 0, 0, 9, 6, 39
"d:\Qt5Project\CodeEditorLite\lib\QScintilla\scintilla\src\AutoComplete.cpp", "C++", 0, 250, 0, 0, 0, 0, 0, 0, 0, 0, 0, 0, 0, 12, 32, 294
"d:\Qt5Project\CodeEditorLite\lib\QScintilla\scintilla\src\AutoComplete.h", "C++", 0, 47, 0, 0, 0, 0, 0, 0, 0, 0, 0, 0, 0, 24, 21, 92
"d:\Qt5Project\CodeEditorLite\lib\QScintilla\scintilla\src\CallTip.cpp", "C++", 0, 267, 0, 0, 0, 0, 0, 0, 0, 0, 0, 0, 0, 30, 36, 333
"d:\Qt5Project\CodeEditorLite\lib\QScintilla\scintilla\src\CallTip.h", "C++", 0, 57, 0, 0, 0, 0, 0, 0, 0, 0, 0, 0, 0, 16, 19, 92
"d:\Qt5Project\CodeEditorLite\lib\QScintilla\scintilla\src\CaseConvert.cpp", "C++", 0, 741, 0, 0, 0, 0, 0, 0, 0, 0, 0, 0, 0, 45, 34, 820
"d:\Qt5Project\CodeEditorLite\lib\QScintilla\scintilla\src\CaseConvert.h", "C++", 0, 19, 0, 0, 0, 0, 0, 0, 0, 0, 0, 0, 0, 16, 12, 47
"d:\Qt5Project\CodeEditorLite\lib\QScintilla\scintilla\src\CaseFolder.cpp", "C++", 0, 49, 0, 0, 0, 0, 0, 0, 0, 0, 0, 0, 0, 6, 12, 67
"d:\Qt5Project\CodeEditorLite\lib\QScintilla\scintilla\src\CaseFolder.h", "C++", 0, 27, 0, 0, 0, 0, 0, 0, 0, 0, 0, 0, 0, 6, 9, 42
"d:\Qt5Project\CodeEditorLite\lib\QScintilla\scintilla\src\Catalogue.cpp", "C++", 0, 173, 0, 0, 0, 0, 0, 0, 0, 0, 0, 0, 0, 15, 17, 205
"d:\Qt5Project\CodeEditorLite\lib\QScintilla\scintilla\src\Catalogue.h", "C++", 0, 11, 0, 0, 0, 0, 0, 0, 0, 0, 0, 0, 0, 8, 6, 25
"d:\Qt5Project\CodeEditorLite\lib\QScintilla\scintilla\src\CellBuffer.cpp", "C++", 0, 988, 0, 0, 0, 0, 0, 0, 0, 0, 0, 0, 0, 88, 129, 1205
"d:\Qt5Project\CodeEditorLite\lib\QScintilla\scintilla\src\CellBuffer.h", "C++", 0, 145, 0, 0, 0, 0, 0, 0, 0, 0, 0, 0, 0, 38, 33, 216
"d:\Qt5Project\CodeEditorLite\lib\QScintilla\scintilla\src\CharClassify.cpp", "C++", 0, 41, 0, 0, 0, 0, 0, 0, 0, 0, 0, 0, 0, 10, 9, 60
"d:\Qt5Project\CodeEditorLite\lib\QScintilla\scintilla\src\CharClassify.h", "C++", 0, 18, 0, 0, 0, 0, 0, 0, 0, 0, 0, 0, 0, 6, 8, 32
"d:\Qt5Project\CodeEditorLite\lib\QScintilla\scintilla\src\ContractionState.cpp", "C++", 0, 354, 0, 0, 0, 0, 0, 0, 0, 0, 0, 0, 0, 13, 52, 419
"d:\Qt5Project\CodeEditorLite\lib\QScintilla\scintilla\src\ContractionState.h", "C++", 0, 30, 0, 0, 0, 0, 0, 0, 0, 0, 0, 0, 0, 8, 15, 53
"d:\Qt5Project\CodeEditorLite\lib\QScintilla\scintilla\src\DBCS.cpp", "C++", 0, 24, 0, 0, 0, 0, 0, 0, 0, 0, 0, 0, 0, 13, 6, 43
"d:\Qt5Project\CodeEditorLite\lib\QScintilla\scintilla\src\DBCS.h", "C++", 0, 6, 0, 0, 0, 0, 0, 0, 0, 0, 0, 0, 0, 6, 6, 18
"d:\Qt5Project\CodeEditorLite\lib\QScintilla\scintilla\src\Decoration.cpp", "C++", 0, 261, 0, 0, 0, 0, 0, 0, 0, 0, 0, 0, 0, 9, 47, 317
"d:\Qt5Project\CodeEditorLite\lib\QScintilla\scintilla\src\Decoration.h", "C++", 0, 39, 0, 0, 0, 0, 0, 0, 0, 0, 0, 0, 0, 6, 15, 60
"d:\Qt5Project\CodeEditorLite\lib\QScintilla\scintilla\src\Document.cpp", "C++", 0, 2775, 0, 0, 0, 0, 0, 0, 0, 0, 0, 0, 0, 220, 256, 3251
"d:\Qt5Project\CodeEditorLite\lib\QScintilla\scintilla\src\Document.h", "C++", 0, 459, 0, 0, 0, 0, 0, 0, 0, 0, 0, 0, 0, 48, 78, 585
"d:\Qt5Project\CodeEditorLite\lib\QScintilla\scintilla\src\EditModel.cpp", "C++", 0, 62, 0, 0, 0, 0, 0, 0, 0, 0, 0, 0, 0, 6, 10, 78
"d:\Qt5Project\CodeEditorLite\lib\QScintilla\scintilla\src\EditModel.h", "C++", 0, 44, 0, 0, 0, 0, 0, 0, 0, 0, 0, 0, 0, 11, 14, 69
"d:\Qt5Project\CodeEditorLite\lib\QScintilla\scintilla\src\EditView.cpp", "C++", 0, 2045, 0, 0, 0, 0, 0, 0, 0, 0, 0, 0, 0, 160, 199, 2404
"d:\Qt5Project\CodeEditorLite\lib\QScintilla\scintilla\src\EditView.h", "C++", 0, 133, 0, 0, 0, 0, 0, 0, 0, 0, 0, 0, 0, 27, 27, 187
"d:\Qt5Project\CodeEditorLite\lib\QScintilla\scintilla\src\Editor.cpp", "C++", 0, 6795, 0, 0, 0, 0, 0, 0, 0, 0, 0, 0, 0, 462, 978, 8235
"d:\Qt5Project\CodeEditorLite\lib\QScintilla\scintilla\src\Editor.h", "C++", 0, 540, 0, 0, 0, 0, 0, 0, 0, 0, 0, 0, 0, 41, 70, 651
"d:\Qt5Project\CodeEditorLite\lib\QScintilla\scintilla\src\ElapsedPeriod.h", "C++", 0, 21, 0, 0, 0, 0, 0, 0, 0, 0, 0, 0, 0, 9, 6, 36
"d:\Qt5Project\CodeEditorLite\lib\QScintilla\scintilla\src\ExternalLexer.cpp", "C++", 0, 70, 0, 0, 0, 0, 0, 0, 0, 0, 0, 0, 0, 38, 28, 136
"d:\Qt5Project\CodeEditorLite\lib\QScintilla\scintilla\src\ExternalLexer.h", "C++", 0, 57, 0, 0, 0, 0, 0, 0, 0, 0, 0, 0, 0, 9, 15, 81
"d:\Qt5Project\CodeEditorLite\lib\QScintilla\scintilla\src\FontQuality.h", "C++", 0, 12, 0, 0, 0, 0, 0, 0, 0, 0, 0, 0, 0, 9, 7, 28
"d:\Qt5Project\CodeEditorLite\lib\QScintilla\scintilla\src\Indicator.cpp", "C++", 0, 201, 0, 0, 0, 0, 0, 0, 0, 0, 0, 0, 0, 13, 10, 224
"d:\Qt5Project\CodeEditorLite\lib\QScintilla\scintilla\src\Indicator.h", "C++", 0, 42, 0, 0, 0, 0, 0, 0, 0, 0, 0, 0, 0, 8, 7, 57
"d:\Qt5Project\CodeEditorLite\lib\QScintilla\scintilla\src\IntegerRectangle.h", "C++", 0, 17, 0, 0, 0, 0, 0, 0, 0, 0, 0, 0, 0, 6, 7, 30
"d:\Qt5Project\CodeEditorLite\lib\QScintilla\scintilla\src\KeyMap.cpp", "C++", 0, 138, 0, 0, 0, 0, 0, 0, 0, 0, 0, 0, 0, 8, 19, 165
"d:\Qt5Project\CodeEditorLite\lib\QScintilla\scintilla\src\KeyMap.h", "C++", 0, 43, 0, 0, 0, 0, 0, 0, 0, 0, 0, 0, 0, 12, 10, 65
"d:\Qt5Project\CodeEditorLite\lib\QScintilla\scintilla\src\LineMarker.cpp", "C++", 0, 363, 0, 0, 0, 0, 0, 0, 0, 0, 0, 0, 0, 14, 60, 437
"d:\Qt5Project\CodeEditorLite\lib\QScintilla\scintilla\src\LineMarker.h", "C++", 0, 28, 0, 0, 0, 0, 0, 0, 0, 0, 0, 0, 0, 12, 9, 49
"d:\Qt5Project\CodeEditorLite\lib\QScintilla\scintilla\src\MarginView.cpp", "C++", 0, 398, 0, 0, 0, 0, 0, 0, 0, 0, 0, 0, 0, 27, 46, 471
"d:\Qt5Project\CodeEditorLite\lib\QScintilla\scintilla\src\MarginView.h", "C++", 0, 22, 0, 0, 0, 0, 0, 0, 0, 0, 0, 0, 0, 14, 11, 47
"d:\Qt5Project\CodeEditorLite\lib\QScintilla\scintilla\src\Partitioning.h", "C++", 0, 155, 0, 0, 0, 0, 0, 0, 0, 0, 0, 0, 0, 26, 24, 205
"d:\Qt5Project\CodeEditorLite\lib\QScintilla\scintilla\src\PerLine.cpp", "C++", 0, 416, 0, 0, 0, 0, 0, 0, 0, 0, 0, 0, 0, 15, 69, 500
"d:\Qt5Project\CodeEditorLite\lib\QScintilla\scintilla\src\PerLine.h", "C++", 0, 126, 0, 0, 0, 0, 0, 0, 0, 0, 0, 0, 0, 20, 19, 165
"d:\Qt5Project\CodeEditorLite\lib\QScintilla\scintilla\src\Position.h", "C++", 0, 12, 0, 0, 0, 0, 0, 0, 0, 0, 0, 0, 0, 11, 9, 32
"d:\Qt5Project\CodeEditorLite\lib\QScintilla\scintilla\src\PositionCache.cpp", "C++", 0, 628, 0, 0, 0, 0, 0, 0, 0, 0, 0, 0, 0, 26, 66, 720
"d:\Qt5Project\CodeEditorLite\lib\QScintilla\scintilla\src\PositionCache.h", "C++", 0, 193, 0, 0, 0, 0, 0, 0, 0, 0, 0, 0, 0, 31, 24, 248
"d:\Qt5Project\CodeEditorLite\lib\QScintilla\scintilla\src\RESearch.cpp", "C++", 0, 613, 0, 0, 0, 0, 0, 0, 0, 0, 0, 0, 0, 285, 63, 961
"d:\Qt5Project\CodeEditorLite\lib\QScintilla\scintilla\src\RESearch.h", "C++", 0, 44, 0, 0, 0, 0, 0, 0, 0, 0, 0, 0, 0, 12, 15, 71
"d:\Qt5Project\CodeEditorLite\lib\QScintilla\scintilla\src\RunStyles.cpp", "C++", 0, 269, 0, 0, 0, 0, 0, 0, 0, 0, 0, 0, 0, 17, 29, 315
"d:\Qt5Project\CodeEditorLite\lib\QScintilla\scintilla\src\RunStyles.h", "C++", 0, 44, 0, 0, 0, 0, 0, 0, 0, 0, 0, 0, 0, 12, 9, 65
"d:\Qt5Project\CodeEditorLite\lib\QScintilla\scintilla\src\SciTE.properties", "Properties", 0, 0, 0, 0, 0, 4, 0, 0, 0, 0, 0, 0, 0, 2, 1, 7
"d:\Qt5Project\CodeEditorLite\lib\QScintilla\scintilla\src\ScintillaBase.cpp", "C++", 0, 958, 0, 0, 0, 0, 0, 0, 0, 0, 0, 0, 0, 24, 184, 1166
"d:\Qt5Project\CodeEditorLite\lib\QScintilla\scintilla\src\ScintillaBase.h", "C++", 0, 72, 0, 0, 0, 0, 0, 0, 0, 0, 0, 0, 0, 11, 21, 104
"d:\Qt5Project\CodeEditorLite\lib\QScintilla\scintilla\src\Selection.cpp", "C++", 0, 366, 0, 0, 0, 0, 0, 0, 0, 0, 0, 0, 0, 12, 59, 437
"d:\Qt5Project\CodeEditorLite\lib\QScintilla\scintilla\src\Selection.h", "C++", 0, 170, 0, 0, 0, 0, 0, 0, 0, 0, 0, 0, 0, 12, 11, 193
"d:\Qt5Project\CodeEditorLite\lib\QScintilla\scintilla\src\SparseVector.h", "C++", 0, 130, 0, 0, 0, 0, 0, 0, 0, 0, 0, 0, 0, 21, 6, 157
"d:\Qt5Project\CodeEditorLite\lib\QScintilla\scintilla\src\SplitVector.h", "C++", 0, 241, 0, 0, 0, 0, 0, 0, 0, 0, 0, 0, 0, 59, 33, 333
"d:\Qt5Project\CodeEditorLite\lib\QScintilla\scintilla\src\Style.cpp", "C++", 0, 141, 0, 0, 0, 0, 0, 0, 0, 0, 0, 0, 0, 7, 21, 169
"d:\Qt5Project\CodeEditorLite\lib\QScintilla\scintilla\src\Style.h", "C++", 0, 72, 0, 0, 0, 0, 0, 0, 0, 0, 0, 0, 0, 10, 11, 93
"d:\Qt5Project\CodeEditorLite\lib\QScintilla\scintilla\src\UniConversion.cpp", "C++", 0, 305, 0, 0, 0, 0, 0, 0, 0, 0, 0, 0, 0, 32, 32, 369
"d:\Qt5Project\CodeEditorLite\lib\QScintilla\scintilla\src\UniConversion.h", "C++", 0, 57, 0, 0, 0, 0, 0, 0, 0, 0, 0, 0, 0, 11, 19, 87
"d:\Qt5Project\CodeEditorLite\lib\QScintilla\scintilla\src\UniqueString.h", "C++", 0, 15, 0, 0, 0, 0, 0, 0, 0, 0, 0, 0, 0, 9, 7, 31
"d:\Qt5Project\CodeEditorLite\lib\QScintilla\scintilla\src\ViewStyle.cpp", "C++", 0, 505, 0, 0, 0, 0, 0, 0, 0, 0, 0, 0, 0, 24, 85, 614
"d:\Qt5Project\CodeEditorLite\lib\QScintilla\scintilla\src\ViewStyle.h", "C++", 0, 186, 0, 0, 0, 0, 0, 0, 0, 0, 0, 0, 0, 17, 22, 225
"d:\Qt5Project\CodeEditorLite\lib\QScintilla\scintilla\src\XPM.cpp", "C++", 0, 364, 0, 0, 0, 0, 0, 0, 0, 0, 0, 0, 0, 26, 59, 449
"d:\Qt5Project\CodeEditorLite\lib\QScintilla\scintilla\src\XPM.h", "C++", 0, 94, 0, 0, 0, 0, 0, 0, 0, 0, 0, 0, 0, 23, 14, 131
"d:\Qt5Project\CodeEditorLite\lib\QScintilla\src\InputMethod.cpp", "C++", 0, 207, 0, 0, 0, 0, 0, 0, 0, 0, 0, 0, 0, 20, 47, 274
"d:\Qt5Project\CodeEditorLite\lib\QScintilla\src\ListBoxQt.cpp", "C++", 0, 231, 0, 0, 0, 0, 0, 0, 0, 0, 0, 0, 0, 28, 109, 368
"d:\Qt5Project\CodeEditorLite\lib\QScintilla\src\ListBoxQt.h", "C++", 0, 42, 0, 0, 0, 0, 0, 0, 0, 0, 0, 0, 0, 22, 13, 77
"d:\Qt5Project\CodeEditorLite\lib\QScintilla\src\MacPasteboardMime.cpp", "C++", 0, 63, 0, 0, 0, 0, 0, 0, 0, 0, 0, 0, 0, 21, 28, 112
"d:\Qt5Project\CodeEditorLite\lib\QScintilla\src\PlatQt.cpp", "C++", 0, 724, 0, 0, 0, 0, 0, 0, 0, 0, 0, 0, 0, 55, 212, 991
"d:\Qt5Project\CodeEditorLite\lib\QScintilla\src\Qsci\qsciabstractapis.h", "C++", 0, 26, 0, 0, 0, 0, 0, 0, 0, 0, 0, 0, 0, 47, 18, 91
"d:\Qt5Project\CodeEditorLite\lib\QScintilla\src\Qsci\qsciapis.h", "C++", 0, 67, 0, 0, 0, 0, 0, 0, 0, 0, 0, 0, 0, 110, 37, 214
"d:\Qt5Project\CodeEditorLite\lib\QScintilla\src\Qsci\qscicommand.h", "C++", 0, 131, 0, 0, 0, 0, 0, 0, 0, 0, 0, 0, 0, 157, 121, 409
"d:\Qt5Project\CodeEditorLite\lib\QScintilla\src\Qsci\qscicommandset.h", "C++", 0, 30, 0, 0, 0, 0, 0, 0, 0, 0, 0, 0, 0, 38, 22, 90
"d:\Qt5Project\CodeEditorLite\lib\QScintilla\src\Qsci\qscidocument.h", "C++", 0, 23, 0, 0, 0, 0, 0, 0, 0, 0, 0, 0, 0, 25, 14, 62
"d:\Qt5Project\CodeEditorLite\lib\QScintilla\src\Qsci\qsciglobal.h", "C++", 0, 20, 0, 0, 0, 0, 0, 0, 0, 0, 0, 0, 0, 22, 13, 55
"d:\Qt5Project\CodeEditorLite\lib\QScintilla\src\Qsci\qscilexer.h", "C++", 0, 100, 0, 0, 0, 0, 0, 0, 0, 0, 0, 0, 0, 185, 72, 357
"d:\Qt5Project\CodeEditorLite\lib\QScintilla\src\Qsci\qscilexerasm.h", "C++", 0, 62, 0, 0, 0, 0, 0, 0, 0, 0, 0, 0, 0, 94, 46, 202
"d:\Qt5Project\CodeEditorLite\lib\QScintilla\src\Qsci\qscilexeravs.h", "C++", 0, 54, 0, 0, 0, 0, 0, 0, 0, 0, 0, 0, 0, 78, 43, 175
"d:\Qt5Project\CodeEditorLite\lib\QScintilla\src\Qsci\qscilexerbash.h", "C++", 0, 55, 0, 0, 0, 0, 0, 0, 0, 0, 0, 0, 0, 80, 44, 179
"d:\Qt5Project\CodeEditorLite\lib\QScintilla\src\Qsci\qscilexerbatch.h", "C++", 0, 36, 0, 0, 0, 0, 0, 0, 0, 0, 0, 0, 0, 51, 29, 116
"d:\Qt5Project\CodeEditorLite\lib\QScintilla\src\Qsci\qscilexercmake.h", "C++", 0, 49, 0, 0, 0, 0, 0, 0, 0, 0, 0, 0, 0, 72, 40, 161
"d:\Qt5Project\CodeEditorLite\lib\QScintilla\src\Qsci\qscilexercoffeescript.h", "C++", 0, 76, 0, 0, 0, 0, 0, 0, 0, 0, 0, 0, 0, 127, 62, 265
"d:\Qt5Project\CodeEditorLite\lib\QScintilla\src\Qsci\qscilexercpp.h", "C++", 0, 138, 0, 0, 0, 0, 0, 0, 0, 0, 0, 0, 0, 180, 81, 399
"d:\Qt5Project\CodeEditorLite\lib\QScintilla\src\Qsci\qscilexercsharp.h", "C++", 0, 23, 0, 0, 0, 0, 0, 0, 0, 0, 0, 0, 0, 37, 18, 78
"d:\Qt5Project\CodeEditorLite\lib\QScintilla\src\Qsci\qscilexercss.h", "C++", 0, 76, 0, 0, 0, 0, 0, 0, 0, 0, 0, 0, 0, 118, 59, 253
"d:\Qt5Project\CodeEditorLite\lib\QScintilla\src\Qsci\qscilexercustom.h", "C++", 0, 25, 0, 0, 0, 0, 0, 0, 0, 0, 0, 0, 0, 57, 19, 101
"d:\Qt5Project\CodeEditorLite\lib\QScintilla\src\Qsci\qscilexerd.h", "C++", 0, 72, 0, 0, 0, 0, 0, 0, 0, 0, 0, 0, 0, 112, 59, 243
"d:\Qt5Project\CodeEditorLite\lib\QScintilla\src\Qsci\qscilexerdiff.h", "C++", 0, 35, 0, 0, 0, 0, 0, 0, 0, 0, 0, 0, 0, 45, 28, 108
"d:\Qt5Project\CodeEditorLite\lib\QScintilla\src\Qsci\qscilexeredifact.h", "C++", 0, 31, 0, 0, 0, 0, 0, 0, 0, 0, 0, 0, 0, 42, 24, 97
"d:\Qt5Project\CodeEditorLite\lib\QScintilla\src\Qsci\qscilexerfortran.h", "C++", 0, 19, 0, 0, 0, 0, 0, 0, 0, 0, 0, 0, 0, 27, 14, 60
"d:\Qt5Project\CodeEditorLite\lib\QScintilla\src\Qsci\qscilexerfortran77.h", "C++", 0, 51, 0, 0, 0, 0, 0, 0, 0, 0, 0, 0, 0, 76, 42, 169
"d:\Qt5Project\CodeEditorLite\lib\QScintilla\src\Qsci\qscilexerhex.h", "C++", 0, 39, 0, 0, 0, 0, 0, 0, 0, 0, 0, 0, 0, 50, 32, 121
"d:\Qt5Project\CodeEditorLite\lib\QScintilla\src\Qsci\qscilexerhtml.h", "C++", 0, 171, 0, 0, 0, 0, 0, 0, 0, 0, 0, 0, 0, 212, 150, 533
"d:\Qt5Project\CodeEditorLite\lib\QScintilla\src\Qsci\qscilexeridl.h", "C++", 0, 20, 0, 0, 0, 0, 0, 0, 0, 0, 0, 0, 0, 30, 15, 65
"d:\Qt5Project\CodeEditorLite\lib\QScintilla\src\Qsci\qscilexerintelhex.h", "C++", 0, 19, 0, 0, 0, 0, 0, 0, 0, 0, 0, 0, 0, 28, 14, 61
"d:\Qt5Project\CodeEditorLite\lib\QScintilla\src\Qsci\qscilexerjava.h", "C++", 0, 18, 0, 0, 0, 0, 0, 0, 0, 0, 0, 0, 0, 25, 13, 56
"d:\Qt5Project\CodeEditorLite\lib\QScintilla\src\Qsci\qscilexerjavascript.h", "C++", 0, 25, 0, 0, 0, 0, 0, 0, 0, 0, 0, 0, 0, 37, 20, 82
"d:\Qt5Project\CodeEditorLite\lib\QScintilla\src\Qsci\qscilexerjson.h", "C++", 0, 56, 0, 0, 0, 0, 0, 0, 0, 0, 0, 0, 0, 85, 44, 185
"d:\Qt5Project\CodeEditorLite\lib\QScintilla\src\Qsci\qscilexerlua.h", "C++", 0, 58, 0, 0, 0, 0, 0, 0, 0, 0, 0, 0, 0, 88, 49, 195
"d:\Qt5Project\CodeEditorLite\lib\QScintilla\src\Qsci\qscilexermakefile.h", "C++", 0, 33, 0, 0, 0, 0, 0, 0, 0, 0, 0, 0, 0, 47, 26, 106
"d:\Qt5Project\CodeEditorLite\lib\QScintilla\src\Qsci\qscilexermarkdown.h", "C++", 0, 46, 0, 0, 0, 0, 0, 0, 0, 0, 0, 0, 0, 63, 40, 149
"d:\Qt5Project\CodeEditorLite\lib\QScintilla\src\Qsci\qscilexermasm.h", "C++", 0, 18, 0, 0, 0, 0, 0, 0, 0, 0, 0, 0, 0, 24, 13, 55
"d:\Qt5Project\CodeEditorLite\lib\QScintilla\src\Qsci\qscilexermatlab.h", "C++", 0, 33, 0, 0, 0, 0, 0, 0, 0, 0, 0, 0, 0, 46, 26, 105
"d:\Qt5Project\CodeEditorLite\lib\QScintilla\src\Qsci\qscilexernasm.h", "C++", 0, 18, 0, 0, 0, 0, 0, 0, 0, 0, 0, 0, 0, 24, 13, 55
"d:\Qt5Project\CodeEditorLite\lib\QScintilla\src\Qsci\qscilexeroctave.h", "C++", 0, 19, 0, 0, 0, 0, 0, 0, 0, 0, 0, 0, 0, 28, 14, 61
"d:\Qt5Project\CodeEditorLite\lib\QScintilla\src\Qsci\qscilexerpascal.h", "C++", 0, 67, 0, 0, 0, 0, 0, 0, 0, 0, 0, 0, 0, 109, 52, 228
"d:\Qt5Project\CodeEditorLite\lib\QScintilla\src\Qsci\qscilexerperl.h", "C++", 0, 97, 0, 0, 0, 0, 0, 0, 0, 0, 0, 0, 0, 136, 80, 313
"d:\Qt5Project\CodeEditorLite\lib\QScintilla\src\Qsci\qscilexerpo.h", "C++", 0, 51, 0, 0, 0, 0, 0, 0, 0, 0, 0, 0, 0, 73, 40, 164
"d:\Qt5Project\CodeEditorLite\lib\QScintilla\src\Qsci\qscilexerpostscript.h", "C++", 0, 63, 0, 0, 0, 0, 0, 0, 0, 0, 0, 0, 0, 94, 48, 205
"d:\Qt5Project\CodeEditorLite\lib\QScintilla\src\Qsci\qscilexerpov.h", "C++", 0, 62, 0, 0, 0, 0, 0, 0, 0, 0, 0, 0, 0, 93, 49, 204
"d:\Qt5Project\CodeEditorLite\lib\QScintilla\src\Qsci\qscilexerproperties.h", "C++", 0, 45, 0, 0, 0, 0, 0, 0, 0, 0, 0, 0, 0, 72, 34, 151
"d:\Qt5Project\CodeEditorLite\lib\QScintilla\src\Qsci\qscilexerpython.h", "C++", 0, 102, 0, 0, 0, 0, 0, 0, 0, 0, 0, 0, 0, 158, 74, 334
"d:\Qt5Project\CodeEditorLite\lib\QScintilla\src\Qsci\qscilexerruby.h", "C++", 0, 73, 0, 0, 0, 0, 0, 0, 0, 0, 0, 0, 0, 105, 63, 241
"d:\Qt5Project\CodeEditorLite\lib\QScintilla\src\Qsci\qscilexerspice.h", "C++", 0, 34, 0, 0, 0, 0, 0, 0, 0, 0, 0, 0, 0, 46, 27, 107
"d:\Qt5Project\CodeEditorLite\lib\QScintilla\src\Qsci\qscilexersql.h", "C++", 0, 86, 0, 0, 0, 0, 0, 0, 0, 0, 0, 0, 0, 138, 63, 287
"d:\Qt5Project\CodeEditorLite\lib\QScintilla\src\Qsci\qscilexersrec.h", "C++", 0, 19, 0, 0, 0, 0, 0, 0, 0, 0, 0, 0, 0, 27, 14, 60
"d:\Qt5Project\CodeEditorLite\lib\QScintilla\src\Qsci\qscilexertcl.h", "C++", 0, 57, 0, 0, 0, 0, 0, 0, 0, 0, 0, 0, 0, 84, 49, 190
"d:\Qt5Project\CodeEditorLite\lib\QScintilla\src\Qsci\qscilexertekhex.h", "C++", 0, 19, 0, 0, 0, 0, 0, 0, 0, 0, 0, 0, 0, 28, 14, 61
"d:\Qt5Project\CodeEditorLite\lib\QScintilla\src\Qsci\qscilexertex.h", "C++", 0, 50, 0, 0, 0, 0, 0, 0, 0, 0, 0, 0, 0, 78, 36, 164
"d:\Qt5Project\CodeEditorLite\lib\QScintilla\src\Qsci\qscilexerverilog.h", "C++", 0, 90, 0, 0, 0, 0, 0, 0, 0, 0, 0, 0, 0, 113, 55, 258
"d:\Qt5Project\CodeEditorLite\lib\QScintilla\src\Qsci\qscilexervhdl.h", "C++", 0, 68, 0, 0, 0, 0, 0, 0, 0, 0, 0, 0, 0, 103, 51, 222
"d:\Qt5Project\CodeEditorLite\lib\QScintilla\src\Qsci\qscilexerxml.h", "C++", 0, 31, 0, 0, 0, 0, 0, 0, 0, 0, 0, 0, 0, 51, 25, 107
"d:\Qt5Project\CodeEditorLite\lib\QScintilla\src\Qsci\qscilexeryaml.h", "C++", 0, 45, 0, 0, 0, 0, 0, 0, 0, 0, 0, 0, 0, 67, 36, 148
"d:\Qt5Project\CodeEditorLite\lib\QScintilla\src\Qsci\qscimacro.h", "C++", 0, 35, 0, 0, 0, 0, 0, 0, 0, 0, 0, 0, 0, 41, 23, 99
"d:\Qt5Project\CodeEditorLite\lib\QScintilla\src\Qsci\qsciprinter.h", "C++", 0, 36, 0, 0, 0, 0, 0, 0, 0, 0, 0, 0, 0, 61, 24, 121
"d:\Qt5Project\CodeEditorLite\lib\QScintilla\src\Qsci\qsciscintilla.h", "C++", 0, 593, 0, 0, 0, 0, 0, 0, 0, 0, 0, 0, 0, 1294, 427, 2314
"d:\Qt5Project\CodeEditorLite\lib\QScintilla\src\Qsci\qsciscintillabase.h", "C++", 0, 1485, 0, 0, 0, 0, 0, 0, 0, 0, 0, 0, 0, 1358, 1046, 3889
"d:\Qt5Project\CodeEditorLite\lib\QScintilla\src\Qsci\qscistyle.h", "C++", 0, 54, 0, 0, 0, 0, 0, 0, 0, 0, 0, 0, 0, 113, 38, 205
"d:\Qt5Project\CodeEditorLite\lib\QScintilla\src\Qsci\qscistyledtext.h", "C++", 0, 20, 0, 0, 0, 0, 0, 0, 0, 0, 0, 0, 0, 27, 15, 62
"d:\Qt5Project\CodeEditorLite\lib\QScintilla\src\SciAccessibility.cpp", "C++", 0, 465, 0, 0, 0, 0, 0, 0, 0, 0, 0, 0, 0, 84, 191, 740
"d:\Qt5Project\CodeEditorLite\lib\QScintilla\src\SciAccessibility.h", "C++", 0, 79, 0, 0, 0, 0, 0, 0, 0, 0, 0, 0, 0, 19, 22, 120
"d:\Qt5Project\CodeEditorLite\lib\QScintilla\src\SciClasses.cpp", "C++", 0, 101, 0, 0, 0, 0, 0, 0, 0, 0, 0, 0, 0, 41, 48, 190
"d:\Qt5Project\CodeEditorLite\lib\QScintilla\src\SciClasses.h", "C++", 0, 50, 0, 0, 0, 0, 0, 0, 0, 0, 0, 0, 0, 28, 26, 104
"d:\Qt5Project\CodeEditorLite\lib\QScintilla\src\ScintillaQt.cpp", "C++", 0, 529, 0, 0, 0, 0, 0, 0, 0, 0, 0, 0, 0, 68, 172, 769
"d:\Qt5Project\CodeEditorLite\lib\QScintilla\src\ScintillaQt.h", "C++", 0, 105, 0, 0, 0, 0, 0, 0, 0, 0, 0, 0, 0, 24, 23, 152
"d:\Qt5Project\CodeEditorLite\lib\QScintilla\src\qsciabstractapis.cpp", "C++", 0, 18, 0, 0, 0, 0, 0, 0, 0, 0, 0, 0, 0, 22, 12, 52
"d:\Qt5Project\CodeEditorLite\lib\QScintilla\src\qsciapis.cpp", "C++", 0, 614, 0, 0, 0, 0, 0, 0, 0, 0, 0, 0, 0, 130, 252, 996
"d:\Qt5Project\CodeEditorLite\lib\QScintilla\src\qscicommand.cpp", "C++", 0, 74, 0, 0, 0, 0, 0, 0, 0, 0, 0, 0, 0, 31, 39, 144
"d:\Qt5Project\CodeEditorLite\lib\QScintilla\src\qscicommandset.cpp", "C++", 0, 907, 0, 0, 0, 0, 0, 0, 0, 0, 0, 0, 0, 37, 44, 988
"d:\Qt5Project\CodeEditorLite\lib\QScintilla\src\qscidocument.cpp", "C++", 0, 82, 0, 0, 0, 0, 0, 0, 0, 0, 0, 0, 0, 34, 36, 152
"d:\Qt5Project\CodeEditorLite\lib\QScintilla\src\qscilexer.cpp", "C++", 0, 446, 0, 0, 0, 0, 0, 0, 0, 0, 0, 0, 0, 116, 188, 750
"d:\Qt5Project\CodeEditorLite\lib\QScintilla\src\qscilexerasm.cpp", "C++", 0, 442, 0, 0, 0, 0, 0, 0, 0, 0, 0, 0, 0, 41, 93, 576
"d:\Qt5Project\CodeEditorLite\lib\QScintilla\src\qscilexeravs.cpp", "C++", 0, 299, 0, 0, 0, 0, 0, 0, 0, 0, 0, 0, 0, 37, 79, 415
"d:\Qt5Project\CodeEditorLite\lib\QScintilla\src\qscilexerbash.cpp", "C++", 0, 226, 0, 0, 0, 0, 0, 0, 0, 0, 0, 0, 0, 39, 86, 351
"d:\Qt5Project\CodeEditorLite\lib\QScintilla\src\qscilexerbatch.cpp", "C++", 0, 133, 0, 0, 0, 0, 0, 0, 0, 0, 0, 0, 0, 30, 50, 213
"d:\Qt5Project\CodeEditorLite\lib\QScintilla\src\qscilexercmake.cpp", "C++", 0, 204, 0, 0, 0, 0, 0, 0, 0, 0, 0, 0, 0, 33, 68, 305
"d:\Qt5Project\CodeEditorLite\lib\QScintilla\src\qscilexercoffeescript.cpp", "C++", 0, 291, 0, 0, 0, 0, 0, 0, 0, 0, 0, 0, 0, 46, 118, 455
"d:\Qt5Project\CodeEditorLite\lib\QScintilla\src\qscilexercpp.cpp", "C++", 0, 542, 0, 0, 0, 0, 0, 0, 0, 0, 0, 0, 0, 60, 200, 802
"d:\Qt5Project\CodeEditorLite\lib\QScintilla\src\qscilexercsharp.cpp", "C++", 0, 64, 0, 0, 0, 0, 0, 0, 0, 0, 0, 0, 0, 27, 28, 119
"d:\Qt5Project\CodeEditorLite\lib\QScintilla\src\qscilexercss.cpp", "C++", 0, 287, 0, 0, 0, 0, 0, 0, 0, 0, 0, 0, 0, 44, 110, 441
"d:\Qt5Project\CodeEditorLite\lib\QScintilla\src\qscilexercustom.cpp", "C++", 0, 51, 0, 0, 0, 0, 0, 0, 0, 0, 0, 0, 0, 26, 25, 102
"d:\Qt5Project\CodeEditorLite\lib\QScintilla\src\qscilexerd.cpp", "C++", 0, 288, 0, 0, 0, 0, 0, 0, 0, 0, 0, 0, 0, 47, 116, 451
"d:\Qt5Project\CodeEditorLite\lib\QScintilla\src\qscilexerdiff.cpp", "C++", 0, 81, 0, 0, 0, 0, 0, 0, 0, 0, 0, 0, 0, 25, 38, 144
"d:\Qt5Project\CodeEditorLite\lib\QScintilla\src\qscilexeredifact.cpp", "C++", 0, 66, 0, 0, 0, 0, 0, 0, 0, 0, 0, 0, 0, 24, 33, 123
"d:\Qt5Project\CodeEditorLite\lib\QScintilla\src\qscilexerfortran.cpp", "C++", 0, 71, 0, 0, 0, 0, 0, 0, 0, 0, 0, 0, 0, 23, 16, 110
"d:\Qt5Project\CodeEditorLite\lib\QScintilla\src\qscilexerfortran77.cpp", "C++", 0, 185, 0, 0, 0, 0, 0, 0, 0, 0, 0, 0, 0, 35, 77, 297
"d:\Qt5Project\CodeEditorLite\lib\QScintilla\src\qscilexerhex.cpp", "C++", 0, 91, 0, 0, 0, 0, 0, 0, 0, 0, 0, 0, 0, 24, 42, 157
"d:\Qt5Project\CodeEditorLite\lib\QScintilla\src\qscilexerhtml.cpp", "C++", 0, 885, 0, 0, 0, 0, 0, 0, 0, 0, 0, 0, 0, 49, 248, 1182
"d:\Qt5Project\CodeEditorLite\lib\QScintilla\src\qscilexeridl.cpp", "C++", 0, 58, 0, 0, 0, 0, 0, 0, 0, 0, 0, 0, 0, 24, 19, 101
"d:\Qt5Project\CodeEditorLite\lib\QScintilla\src\qscilexerintelhex.cpp", "C++", 0, 22, 0, 0, 0, 0, 0, 0, 0, 0, 0, 0, 0, 24, 14, 60
"d:\Qt5Project\CodeEditorLite\lib\QScintilla\src\qscilexerjava.cpp", "C++", 0, 24, 0, 0, 0, 0, 0, 0, 0, 0, 0, 0, 0, 22, 12, 58
"d:\Qt5Project\CodeEditorLite\lib\QScintilla\src\qscilexerjavascript.cpp", "C++", 0, 63, 0, 0, 0, 0, 0, 0, 0, 0, 0, 0, 0, 28, 30, 121
"d:\Qt5Project\CodeEditorLite\lib\QScintilla\src\qscilexerjson.cpp", "C++", 0, 182, 0, 0, 0, 0, 0, 0, 0, 0, 0, 0, 0, 37, 80, 299
"d:\Qt5Project\CodeEditorLite\lib\QScintilla\src\qscilexerlua.cpp", "C++", 0, 233, 0, 0, 0, 0, 0, 0, 0, 0, 0, 0, 0, 42, 94, 369
"d:\Qt5Project\CodeEditorLite\lib\QScintilla\src\qscilexermakefile.cpp", "C++", 0, 90, 0, 0, 0, 0, 0, 0, 0, 0, 0, 0, 0, 28, 41, 159
"d:\Qt5Project\CodeEditorLite\lib\QScintilla\src\qscilexermarkdown.cpp", "C++", 0, 189, 0, 0, 0, 0, 0, 0, 0, 0, 0, 0, 0, 26, 75, 290
"d:\Qt5Project\CodeEditorLite\lib\QScintilla\src\qscilexermasm.cpp", "C++", 0, 16, 0, 0, 0, 0, 0, 0, 0, 0, 0, 0, 0, 22, 11, 49
"d:\Qt5Project\CodeEditorLite\lib\QScintilla\src\qscilexermatlab.cpp", "C++", 0, 96, 0, 0, 0, 0, 0, 0, 0, 0, 0, 0, 0, 26, 40, 162
"d:\Qt5Project\CodeEditorLite\lib\QScintilla\src\qscilexernasm.cpp", "C++", 0, 16, 0, 0, 0, 0, 0, 0, 0, 0, 0, 0, 0, 22, 11, 49
"d:\Qt5Project\CodeEditorLite\lib\QScintilla\src\qscilexeroctave.cpp", "C++", 0, 31, 0, 0, 0, 0, 0, 0, 0, 0, 0, 0, 0, 23, 15, 69
"d:\Qt5Project\CodeEditorLite\lib\QScintilla\src\qscilexerpascal.cpp", "C++", 0, 274, 0, 0, 0, 0, 0, 0, 0, 0, 0, 0, 0, 49, 110, 433
"d:\Qt5Project\CodeEditorLite\lib\QScintilla\src\qscilexerperl.cpp", "C++", 0, 452, 0, 0, 0, 0, 0, 0, 0, 0, 0, 0, 0, 51, 156, 659
"d:\Qt5Project\CodeEditorLite\lib\QScintilla\src\qscilexerpo.cpp", "C++", 0, 129, 0, 0, 0, 0, 0, 0, 0, 0, 0, 0, 0, 34, 61, 224
"d:\Qt5Project\CodeEditorLite\lib\QScintilla\src\qscilexerpostscript.cpp", "C++", 0, 308, 0, 0, 0, 0, 0, 0, 0, 0, 0, 0, 0, 43, 98, 449
"d:\Qt5Project\CodeEditorLite\lib\QScintilla\src\qscilexerpov.cpp", "C++", 0, 321, 0, 0, 0, 0, 0, 0, 0, 0, 0, 0, 0, 42, 102, 465
"d:\Qt5Project\CodeEditorLite\lib\QScintilla\src\qscilexerproperties.cpp", "C++", 0, 121, 0, 0, 0, 0, 0, 0, 0, 0, 0, 0, 0, 35, 58, 214
"d:\Qt5Project\CodeEditorLite\lib\QScintilla\src\qscilexerpython.cpp", "C++", 0, 316, 0, 0, 0, 0, 0, 0, 0, 0, 0, 0, 0, 58, 134, 508
"d:\Qt5Project\CodeEditorLite\lib\QScintilla\src\qscilexerruby.cpp", "C++", 0, 289, 0, 0, 0, 0, 0, 0, 0, 0, 0, 0, 0, 39, 118, 446
"d:\Qt5Project\CodeEditorLite\lib\QScintilla\src\qscilexerspice.cpp", "C++", 0, 124, 0, 0, 0, 0, 0, 0, 0, 0, 0, 0, 0, 27, 44, 195
"d:\Qt5Project\CodeEditorLite\lib\QScintilla\src\qscilexersql.cpp", "C++", 0, 351, 0, 0, 0, 0, 0, 0, 0, 0, 0, 0, 0, 48, 123, 522
"d:\Qt5Project\CodeEditorLite\lib\QScintilla\src\qscilexersrec.cpp", "C++", 0, 24, 0, 0, 0, 0, 0, 0, 0, 0, 0, 0, 0, 24, 15, 63
"d:\Qt5Project\CodeEditorLite\lib\QScintilla\src\qscilexertcl.cpp", "C++", 0, 317, 0, 0, 0, 0, 0, 0, 0, 0, 0, 0, 0, 34, 88, 439
"d:\Qt5Project\CodeEditorLite\lib\QScintilla\src\qscilexertekhex.cpp", "C++", 0, 22, 0, 0, 0, 0, 0, 0, 0, 0, 0, 0, 0, 24, 14, 60
"d:\Qt5Project\CodeEditorLite\lib\QScintilla\src\qscilexertex.cpp", "C++", 0, 210, 0, 0, 0, 0, 0, 0, 0, 0, 0, 0, 0, 37, 62, 309
"d:\Qt5Project\CodeEditorLite\lib\QScintilla\src\qscilexerverilog.cpp", "C++", 0, 403, 0, 0, 0, 0, 0, 0, 0, 0, 0, 0, 0, 45, 125, 573
"d:\Qt5Project\CodeEditorLite\lib\QScintilla\src\qscilexervhdl.cpp", "C++", 0, 264, 0, 0, 0, 0, 0, 0, 0, 0, 0, 0, 0, 47, 108, 419
"d:\Qt5Project\CodeEditorLite\lib\QScintilla\src\qscilexerxml.cpp", "C++", 0, 157, 0, 0, 0, 0, 0, 0, 0, 0, 0, 0, 0, 33, 63, 253
"d:\Qt5Project\CodeEditorLite\lib\QScintilla\src\qscilexeryaml.cpp", "C++", 0, 167, 0, 0, 0, 0, 0, 0, 0, 0, 0, 0, 0, 34, 69, 270
"d:\Qt5Project\CodeEditorLite\lib\QScintilla\src\qscimacro.cpp", "C++", 0, 187, 0, 0, 0, 0, 0, 0, 0, 0, 0, 0, 0, 48, 79, 314
"d:\Qt5Project\CodeEditorLite\lib\QScintilla\src\qscintilla_cs.ts", "TypeScript", 0, 0, 0, 0, 4227, 0, 0, 0, 0, 0, 0, 0, 0, 0, 1, 4228
"d:\Qt5Project\CodeEditorLite\lib\QScintilla\src\qscintilla_de.ts", "TypeScript", 0, 0, 0, 0, 4227, 0, 0, 0, 0, 0, 0, 0, 0, 0, 1, 4228
"d:\Qt5Project\CodeEditorLite\lib\QScintilla\src\qscintilla_es.ts", "TypeScript", 0, 0, 0, 0, 4227, 0, 0, 0, 0, 0, 0, 0, 0, 0, 1, 4228
"d:\Qt5Project\CodeEditorLite\lib\QScintilla\src\qscintilla_fr.ts", "TypeScript", 0, 0, 0, 0, 4227, 0, 0, 0, 0, 0, 0, 0, 0, 0, 1, 4228
"d:\Qt5Project\CodeEditorLite\lib\QScintilla\src\qscintilla_pt_br.ts", "TypeScript", 0, 0, 0, 0, 4227, 0, 0, 0, 0, 0, 0, 0, 0, 0, 1, 4228
"d:\Qt5Project\CodeEditorLite\lib\QScintilla\src\qsciprinter.cpp", "C++", 0, 111, 0, 0, 0, 0, 0, 0, 0, 0, 0, 0, 0, 36, 50, 197
"d:\Qt5Project\CodeEditorLite\lib\QScintilla\src\qsciscintilla.cpp", "C++", 0, 2957, 0, 0, 0, 0, 0, 0, 0, 0, 0, 0, 0, 509, 1104, 4570
"d:\Qt5Project\CodeEditorLite\lib\QScintilla\src\qsciscintillabase.cpp", "C++", 0, 552, 0, 0, 0, 0, 0, 0, 0, 0, 0, 0, 0, 108, 208, 868
"d:\Qt5Project\CodeEditorLite\lib\QScintilla\src\qscistyle.cpp", "C++", 0, 101, 0, 0, 0, 0, 0, 0, 0, 0, 0, 0, 0, 42, 42, 185
"d:\Qt5Project\CodeEditorLite\lib\QScintilla\src\qscistyledtext.cpp", "C++", 0, 21, 0, 0, 0, 0, 0, 0, 0, 0, 0, 0, 0, 22, 12, 55
"d:\Qt5Project\CodeEditorLite\script\build_mingw64.ps1", "PowerShell", 0, 0, 0, 160, 0, 0, 0, 0, 0, 0, 0, 0, 0, 58, 44, 262
"d:\Qt5Project\CodeEditorLite\script\init-env.ps1", "PowerShell", 0, 0, 0, 20, 0, 0, 0, 0, 0, 0, 0, 0, 0, 7, 7, 34
"d:\Qt5Project\CodeEditorLite\src\function\edit\on_edit_comment.cpp", "C++", 0, 8, 0, 0, 0, 0, 0, 0, 0, 0, 0, 0, 0, 0, 2, 10
"d:\Qt5Project\CodeEditorLite\src\function\edit\on_edit_comment_segment.cpp", "C++", 0, 8, 0, 0, 0, 0, 0, 0, 0, 0, 0, 0, 0, 0, 2, 10
"d:\Qt5Project\CodeEditorLite\src\function\edit\on_edit_copy.cpp", "C++", 0, 8, 0, 0, 0, 0, 0, 0, 0, 0, 0, 0, 0, 0, 2, 10
"d:\Qt5Project\CodeEditorLite\src\function\edit\on_edit_cut.cpp", "C++", 0, 8, 0, 0, 0, 0, 0, 0, 0, 0, 0, 0, 0, 0, 2, 10
"d:\Qt5Project\CodeEditorLite\src\function\edit\on_edit_delete.cpp", "C++", 0, 8, 0, 0, 0, 0, 0, 0, 0, 0, 0, 0, 0, 0, 2, 10
"d:\Qt5Project\CodeEditorLite\src\function\edit\on_edit_find.cpp", "C++", 0, 12, 0, 0, 0, 0, 0, 0, 0, 0, 0, 0, 0, 0, 4, 16
"d:\Qt5Project\CodeEditorLite\src\function\edit\on_edit_find_next.cpp", "C++", 0, 10, 0, 0, 0, 0, 0, 0, 0, 0, 0, 0, 0, 0, 2, 12
"d:\Qt5Project\CodeEditorLite\src\function\edit\on_edit_find_prev.cpp", "C++", 0, 10, 0, 0, 0, 0, 0, 0, 0, 0, 0, 0, 0, 0, 2, 12
"d:\Qt5Project\CodeEditorLite\src\function\edit\on_edit_go_line.cpp", "C++", 0, 14, 0, 0, 0, 0, 0, 0, 0, 0, 0, 0, 0, 0, 4, 18
"d:\Qt5Project\CodeEditorLite\src\function\edit\on_edit_paste.cpp", "C++", 0, 8, 0, 0, 0, 0, 0, 0, 0, 0, 0, 0, 0, 0, 2, 10
"d:\Qt5Project\CodeEditorLite\src\function\edit\on_edit_redo.cpp", "C++", 0, 8, 0, 0, 0, 0, 0, 0, 0, 0, 0, 0, 0, 0, 2, 10
"d:\Qt5Project\CodeEditorLite\src\function\edit\on_edit_replace.cpp", "C++", 0, 15, 0, 0, 0, 0, 0, 0, 0, 0, 0, 0, 0, 0, 4, 19
"d:\Qt5Project\CodeEditorLite\src\function\edit\on_edit_uncomment.cpp", "C++", 0, 8, 0, 0, 0, 0, 0, 0, 0, 0, 0, 0, 0, 0, 2, 10
"d:\Qt5Project\CodeEditorLite\src\function\edit\on_edit_uncomment_segment.cpp", "C++", 0, 8, 0, 0, 0, 0, 0, 0, 0, 0, 0, 0, 0, 0, 2, 10
"d:\Qt5Project\CodeEditorLite\src\function\edit\on_edit_undo.cpp", "C++", 0, 8, 0, 0, 0, 0, 0, 0, 0, 0, 0, 0, 0, 0, 2, 10
"d:\Qt5Project\CodeEditorLite\src\function\editor\on_editor_cursor_position_changed.cpp", "C++", 0, 8, 0, 0, 0, 0, 0, 0, 0, 0, 0, 0, 0, 0, 2, 10
"d:\Qt5Project\CodeEditorLite\src\function\editor\on_editor_modification_changed.cpp", "C++", 0, 10, 0, 0, 0, 0, 0, 0, 0, 0, 0, 0, 0, 0, 2, 12
"d:\Qt5Project\CodeEditorLite\src\function\file\on_file_new.cpp", "C++", 0, 6, 0, 0, 0, 0, 0, 0, 0, 0, 0, 0, 0, 0, 2, 8
"d:\Qt5Project\CodeEditorLite\src\function\file\on_file_open.cpp", "C++", 0, 12, 0, 0, 0, 0, 0, 0, 0, 0, 0, 0, 0, 0, 3, 15
"d:\Qt5Project\CodeEditorLite\src\function\file\on_file_print.cpp", "C++", 0, 30, 0, 0, 0, 0, 0, 0, 0, 0, 0, 0, 0, 2, 4, 36
"d:\Qt5Project\CodeEditorLite\src\function\file\on_file_properties.cpp", "C++", 0, 23, 0, 0, 0, 0, 0, 0, 0, 0, 0, 0, 0, 2, 4, 29
"d:\Qt5Project\CodeEditorLite\src\function\file\on_file_save.cpp", "C++", 0, 6, 0, 0, 0, 0, 0, 0, 0, 0, 0, 0, 0, 0, 2, 8
"d:\Qt5Project\CodeEditorLite\src\function\file\on_file_save_as.cpp", "C++", 0, 30, 0, 0, 0, 0, 0, 0, 0, 0, 0, 0, 0, 0, 7, 37
"d:\Qt5Project\CodeEditorLite\src\function\help\on_help_about.cpp", "C++", 0, 7, 0, 0, 0, 0, 0, 0, 0, 0, 0, 0, 0, 0, 2, 9
"d:\Qt5Project\CodeEditorLite\src\function\help\on_help_help.cpp", "C++", 0, 6, 0, 0, 0, 0, 0, 0, 0, 0, 0, 0, 0, 0, 2, 8
"d:\Qt5Project\CodeEditorLite\src\function\mark\on_mark_clean_error.cpp", "C++", 0, 5, 0, 0, 0, 0, 0, 0, 0, 0, 0, 0, 0, 0, 2, 7
"d:\Qt5Project\CodeEditorLite\src\function\mark\on_mark_create_bookmark.cpp", "C++", 0, 8, 0, 0, 0, 0, 0, 0, 0, 0, 0, 0, 0, 0, 2, 10
"d:\Qt5Project\CodeEditorLite\src\function\mark\on_mark_create_break.cpp", "C++", 0, 8, 0, 0, 0, 0, 0, 0, 0, 0, 0, 0, 0, 0, 2, 10
"d:\Qt5Project\CodeEditorLite\src\function\mark\on_mark_delete_error.cpp", "C++", 0, 5, 0, 0, 0, 0, 0, 0, 0, 0, 0, 0, 0, 0, 2, 7
"d:\Qt5Project\CodeEditorLite\src\function\mark\on_mark_go_bookmark.cpp", "C++", 0, 10, 0, 0, 0, 0, 0, 0, 0, 0, 0, 0, 0, 0, 2, 12
"d:\Qt5Project\CodeEditorLite\src\function\mark\on_mark_go_error.cpp", "C++", 0, 5, 0, 0, 0, 0, 0, 0, 0, 0, 0, 0, 0, 0, 2, 7
"d:\Qt5Project\CodeEditorLite\src\function\mark\on_mark_manage_bookmark.cpp", "C++", 0, 5, 0, 0, 0, 0, 0, 0, 0, 0, 0, 0, 0, 0, 2, 7
"d:\Qt5Project\CodeEditorLite\src\function\mark\on_mark_remove_break.cpp", "C++", 0, 8, 0, 0, 0, 0, 0, 0, 0, 0, 0, 0, 0, 0, 2, 10
"d:\Qt5Project\CodeEditorLite\src\function\settings\on_settings_editor.cpp", "C++", 0, 5, 0, 0, 0, 0, 0, 0, 0, 0, 0, 0, 0, 0, 2, 7
"d:\Qt5Project\CodeEditorLite\src\function\settings\on_settings_general.cpp", "C++", 0, 5, 0, 0, 0, 0, 0, 0, 0, 0, 0, 0, 0, 0, 2, 7
"d:\Qt5Project\CodeEditorLite\src\function\settings\on_settings_hotkey.cpp", "C++", 0, 7, 0, 0, 0, 0, 0, 0, 0, 0, 0, 0, 0, 0, 1, 8
"d:\Qt5Project\CodeEditorLite\src\function\settings\on_settings_ipc.cpp", "C++", 0, 5, 0, 0, 0, 0, 0, 0, 0, 0, 0, 0, 0, 0, 2, 7
"d:\Qt5Project\CodeEditorLite\src\function\settings\on_settings_toolbar.cpp", "C++", 0, 5, 0, 0, 0, 0, 0, 0, 0, 0, 0, 0, 0, 0, 2, 7
"d:\Qt5Project\CodeEditorLite\src\function\start\on_start_exit.cpp", "C++", 0, 6, 0, 0, 0, 0, 0, 0, 0, 0, 0, 0, 0, 0, 2, 8
"d:\Qt5Project\CodeEditorLite\src\function\start\on_start_new_instance.cpp", "C++", 0, 6, 0, 0, 0, 0, 0, 0, 0, 0, 0, 0, 0, 0, 2, 8
"d:\Qt5Project\CodeEditorLite\src\function\tab\on_current_tab_changed.cpp", "C++", 0, 9, 0, 0, 0, 0, 0, 0, 0, 0, 0, 0, 0, 0, 2, 11
"d:\Qt5Project\CodeEditorLite\src\function\tab\on_tab_close_requested.cpp", "C++", 0, 6, 0, 0, 0, 0, 0, 0, 0, 0, 0, 0, 0, 0, 2, 8
"d:\Qt5Project\CodeEditorLite\src\function\view\on_view_fullscreen.cpp", "C++", 0, 10, 0, 0, 0, 0, 0, 0, 0, 0, 0, 0, 0, 0, 2, 12
"d:\Qt5Project\CodeEditorLite\src\function\view\on_view_statusbar.cpp", "C++", 0, 7, 0, 0, 0, 0, 0, 0, 0, 0, 0, 0, 0, 0, 2, 9
"d:\Qt5Project\CodeEditorLite\src\function\view\on_view_toolbar.cpp", "C++", 0, 9, 0, 0, 0, 0, 0, 0, 0, 0, 0, 0, 0, 0, 2, 11
"d:\Qt5Project\CodeEditorLite\src\function\window\on_window_close_all.cpp", "C++", 0, 9, 0, 0, 0, 0, 0, 0, 0, 0, 0, 0, 0, 0, 2, 11
"d:\Qt5Project\CodeEditorLite\src\function\window\on_window_close_all_saved.cpp", "C++", 0, 13, 0, 0, 0, 0, 0, 0, 0, 0, 0, 0, 0, 0, 2, 15
"d:\Qt5Project\CodeEditorLite\src\function\window\on_window_close_other.cpp", "C++", 0, 12, 0, 0, 0, 0, 0, 0, 0, 0, 0, 0, 0, 0, 3, 15
"d:\Qt5Project\CodeEditorLite\src\function\window\on_window_close_tab.cpp", "C++", 0, 10, 0, 0, 0, 0, 0, 0, 0, 0, 0, 0, 0, 0, 2, 12
"d:\Qt5Project\CodeEditorLite\src\function\window\on_window_errors_warnings.cpp", "C++", 0, 13, 0, 0, 0, 0, 0, 0, 0, 0, 0, 0, 0, 0, 2, 15
"d:\Qt5Project\CodeEditorLite\src\function\window\on_window_ipc_message.cpp", "C++", 0, 13, 0, 0, 0, 0, 0, 0, 0, 0, 0, 0, 0, 0, 2, 15
"d:\Qt5Project\CodeEditorLite\src\function\window\on_window_navigator.cpp", "C++", 0, 13, 0, 0, 0, 0, 0, 0, 0, 0, 0, 0, 0, 0, 2, 15
"d:\Qt5Project\CodeEditorLite\src\function\window\on_window_segment.cpp", "C++", 0, 13, 0, 0, 0, 0, 0, 0, 0, 0, 0, 0, 0, 0, 2, 15
"d:\Qt5Project\CodeEditorLite\src\ipc\ipc_server.cpp", "C++", 0, 151, 0, 0, 0, 0, 0, 0, 0, 0, 0, 0, 0, 0, 25, 176
"d:\Qt5Project\CodeEditorLite\src\main.cpp", "C++", 0, 39, 0, 0, 0, 0, 0, 0, 0, 0, 0, 0, 0, 1, 13, 53
"d:\Qt5Project\CodeEditorLite\src\project\project_manager.cpp", "C++", 0, 196, 0, 0, 0, 0, 0, 0, 0, 0, 0, 0, 0, 0, 45, 241
"d:\Qt5Project\CodeEditorLite\src\util\recent_files_manager.cpp", "C++", 0, 122, 0, 0, 0, 0, 0, 0, 0, 0, 0, 0, 0, 3, 29, 154
"d:\Qt5Project\CodeEditorLite\src\widget\editor\code_editor.cpp", "C++", 0, 562, 0, 0, 0, 0, 0, 0, 0, 0, 0, 0, 0, 2, 62, 626
"d:\Qt5Project\CodeEditorLite\src\widget\editor\code_editor.ui", "ui", 20, 0, 0, 0, 0, 0, 0, 0, 0, 0, 0, 0, 0, 0, 0, 20
"d:\Qt5Project\CodeEditorLite\src\widget\errors_and_warnings\errors_and_warnings.cpp", "C++", 0, 16, 0, 0, 0, 0, 0, 0, 0, 0, 0, 0, 0, 1, 3, 20
"d:\Qt5Project\CodeEditorLite\src\widget\errors_and_warnings\errors_and_warnings.ui", "ui", 52, 0, 0, 0, 0, 0, 0, 0, 0, 0, 0, 0, 0, 0, 1, 53
"d:\Qt5Project\CodeEditorLite\src\widget\ipc_message\ipc_message.cpp", "C++", 0, 17, 0, 0, 0, 0, 0, 0, 0, 0, 0, 0, 0, 0, 3, 20
"d:\Qt5Project\CodeEditorLite\src\widget\ipc_message\ipc_message.ui", "ui", 43, 0, 0, 0, 0, 0, 0, 0, 0, 0, 0, 0, 0, 0, 1, 44
"d:\Qt5Project\CodeEditorLite\src\widget\main_window\main_window.cpp", "C++", 0, 451, 0, 0, 0, 0, 0, 0, 0, 0, 0, 0, 0, 51, 87, 589
"d:\Qt5Project\CodeEditorLite\src\widget\main_window\main_window.ui", "ui", 480, 0, 0, 0, 0, 0, 0, 0, 0, 0, 0, 0, 0, 0, 1, 481
"d:\Qt5Project\CodeEditorLite\src\widget\navigator\navigator.cpp", "C++", 0, 13, 0, 0, 0, 0, 0, 0, 0, 0, 0, 0, 0, 0, 2, 15
"d:\Qt5Project\CodeEditorLite\src\widget\navigator\navigator.ui", "ui", 48, 0, 0, 0, 0, 0, 0, 0, 0, 0, 0, 0, 0, 0, 1, 49
"d:\Qt5Project\CodeEditorLite\src\widget\print\print_wizard.cpp", "C++", 0, 189, 0, 0, 0, 0, 0, 0, 0, 0, 0, 0, 0, 15, 31, 235
"d:\Qt5Project\CodeEditorLite\src\widget\print\print_wizard.ui", "ui", 25, 0, 0, 0, 0, 0, 0, 0, 0, 0, 0, 0, 0, 0, 0, 25
"d:\Qt5Project\CodeEditorLite\src\widget\print\print_wizard_page_layout.cpp", "C++", 0, 171, 0, 0, 0, 0, 0, 0, 0, 0, 0, 0, 0, 2, 29, 202
"d:\Qt5Project\CodeEditorLite\src\widget\print\print_wizard_page_layout.ui", "ui", 296, 0, 0, 0, 0, 0, 0, 0, 0, 0, 0, 0, 0, 0, 0, 296
"d:\Qt5Project\CodeEditorLite\src\widget\print\print_wizard_page_output.cpp", "C++", 0, 141, 0, 0, 0, 0, 0, 0, 0, 0, 0, 0, 0, 1, 25, 167
"d:\Qt5Project\CodeEditorLite\src\widget\print\print_wizard_page_output.ui", "ui", 192, 0, 0, 0, 0, 0, 0, 0, 0, 0, 0, 0, 0, 0, 0, 192
"d:\Qt5Project\CodeEditorLite\src\widget\print\print_wizard_page_page_setup.cpp", "C++", 0, 328, 0, 0, 0, 0, 0, 0, 0, 0, 0, 0, 0, 11, 41, 380
"d:\Qt5Project\CodeEditorLite\src\widget\print\print_wizard_page_page_setup.ui", "ui", 298, 0, 0, 0, 0, 0, 0, 0, 0, 0, 0, 0, 0, 0, 0, 298
"d:\Qt5Project\CodeEditorLite\src\widget\print\print_wizard_page_preview.cpp", "C++", 0, 52, 0, 0, 0, 0, 0, 0, 0, 0, 0, 0, 0, 0, 8, 60
"d:\Qt5Project\CodeEditorLite\src\widget\print\print_wizard_page_preview.ui", "ui", 46, 0, 0, 0, 0, 0, 0, 0, 0, 0, 0, 0, 0, 0, 0, 46
"d:\Qt5Project\CodeEditorLite\src\widget\print\print_wizard_page_printer.cpp", "C++", 0, 130, 0, 0, 0, 0, 0, 0, 0, 0, 0, 0, 0, 2, 21, 153
"d:\Qt5Project\CodeEditorLite\src\widget\print\print_wizard_page_printer.ui", "ui", 190, 0, 0, 0, 0, 0, 0, 0, 0, 0, 0, 0, 0, 0, 0, 190
"d:\Qt5Project\CodeEditorLite\src\widget\properties\properties.cpp", "C++", 0, 206, 0, 0, 0, 0, 0, 0, 0, 0, 0, 0, 0, 10, 46, 262
"d:\Qt5Project\CodeEditorLite\src\widget\properties\properties.ui", "ui", 121, 0, 0, 0, 0, 0, 0, 0, 0, 0, 0, 0, 0, 0, 0, 121
"d:\Qt5Project\CodeEditorLite\src\widget\segment\segment.cpp", "C++", 0, 13, 0, 0, 0, 0, 0, 0, 0, 0, 0, 0, 0, 0, 2, 15
"d:\Qt5Project\CodeEditorLite\src\widget\segment\segment.ui", "ui", 39, 0, 0, 0, 0, 0, 0, 0, 0, 0, 0, 0, 0, 0, 1, 40
"Total", "-", 1850, 103910, 418, 180, 21135, 4, 121, 93450, 10, 1409, 196, 513, 26, 19773, 25462, 268457